Date,Maturity,F,lambda_,Mean_rnd,Std_rnd,IQR_rnd,Q10_rnd,Q90_rnd,Mean_rwd,Std_rwd,IQR_rwd,Q10_rwd,Q90_rwd,VRP,Mean_shift,IQR_diff
2019-03-01,1M,6.5,-0.1,6.49999999999899,0.30361273743524236,0.7707707707707705,6.111111111111111,6.881881881881881,6.490780192901798,0.3036721163230491,0.784784784784784,6.097097097097097,6.881881881881881,-3.60598991980543e-05,0.0092198070971925,-0.014014014014013476
2019-04-01,1M,7.5,-0.1,7.499999999999296,0.3043767196640988,0.686686686686687,7.148148148148148,7.834834834834835,7.490801848036509,0.3022643700879598,0.7007007007007005,7.134134134134134,7.834834834834835,0.0012814380488062327,0.009198151962786838,-0.014014014014013476
2019-05-01,1M,7.5,-0.1,7.500000009344358,0.3223135260728753,0.6726726726726726,7.148148148148148,7.8208208208208205,7.489783086403321,0.31720647317601525,0.6586586586586591,7.148148148148148,7.806806806806807,0.0032660624647639636,0.010216922941037154,0.014014014014013476
2019-06-01,1M,7.25,-0.1,7.250000007818719,0.28375833961040253,0.616616616616616,6.923923923923924,7.54054054054054,7.2420131364829095,0.2816050982488934,0.616616616616616,6.923923923923924,7.54054054054054,0.00121736393868363,0.007986871335809553,0.0
2019-07-01,1M,7.25,-0.1,7.250000002054991,0.24819028229814485,0.5045045045045038,6.993993993993994,7.498498498498498,7.2439356153818055,0.2444523831348767,0.5045045045045047,6.97997997997998,7.484484484484485,0.0018414486069123007,0.006064386673185318,-8.881784197001252e-16
2019-08-01,1M,7.0,-0.1,7.000000000227915,0.1885612424287858,0.39239239239239243,6.797797797797798,7.19019019019019,6.9964619193280315,0.18768795273902697,0.39239239239239243,6.797797797797798,7.19019019019019,0.0003285745429201098,0.003538080899883056,0.0
2019-09-01,1M,7.0,-0.1,7.000000000094711,0.19944705655439177,0.3643643643643646,6.811811811811811,7.176176176176176,6.996105276829701,0.19531889303566444,0.3643643643643646,6.811811811811811,7.176176176176176,0.0016296583915334228,0.003894723265009503,0.0
2019-10-01,1M,6.5,-0.1,6.500012257515969,0.20791600193117354,0.4624624624624625,6.265265265265265,6.727727727727728,6.495676810545221,0.2085668096554143,0.47647647647647684,6.251251251251251,6.727727727727728,-0.0002710502307940524,0.004335446970748613,-0.014014014014014364
2019-11-01,1M,6.5,-0.1,6.500000000012867,0.15938449884825906,0.3223223223223224,6.335335335335335,6.657657657657658,6.497496700242972,0.1570842358272671,0.3223223223223224,6.335335335335335,6.657657657657658,0.0007279613276742272,0.002503299769895051,0.0
2019-12-01,1M,6.0,-0.1,6.000001841551644,0.14329131822533897,0.3503503503503511,5.816816816816816,6.167167167167167,5.997941132295536,0.14381452270468187,0.3503503503503511,5.816816816816816,6.167167167167167,-0.00015021506202009954,0.0020607092561073515,0.0
2020-01-01,1M,6.0,-0.1,5.999999999999752,0.12293691285624382,0.308308308308308,5.844844844844845,6.153153153153153,5.998490818135416,0.12276275497912957,0.308308308308308,5.844844844844845,6.153153153153153,4.279053255788409e-05,0.0015091818643364618,0.0
2020-02-01,1M,6.0,-0.1,5.999999901395343,0.1164727482872239,0.2662662662662667,5.872872872872873,6.1391391391391394,5.998653971768372,0.11556280768869717,0.2662662662662667,5.872872872872873,6.1391391391391394,0.00021113857268421042,0.0013459296269715537,0.0
2020-03-01,1M,6.0,-0.1,6.00000032789297,0.3526971027548396,0.7847847847847849,5.62062062062062,6.405405405405405,5.987729023918962,0.3480791515497706,0.7847847847847849,5.606606606606606,6.391391391391391,0.003236150548049724,0.012271303974007886,0.0
2020-04-01,1M,6.0,-0.1,6.000000001793362,0.27522016337892635,0.5745745745745747,5.718718718718719,6.293293293293294,5.992606638998968,0.26868135083575784,0.5605605605605604,5.718718718718719,6.2792792792792795,0.003556470043395335,0.007393362794394065,0.014014014014014364
2020-05-01,1M,5.0,-0.1,5.0156784064121425,0.2677781501390364,0.5555555555555562,4.732732732732733,5.288288288288289,5.008558357086535,0.2659571387591783,0.5405405405405412,4.732732732732733,5.273273273273274,0.0009719380349154788,0.0071200493256071695,0.01501501501501501
2020-06-01,1M,4.5,-0.1,4.500013921972168,0.2766186048227514,0.5855855855855854,4.192192192192192,4.777777777777778,4.492447750447538,0.27368640286783136,0.5855855855855854,4.192192192192192,4.777777777777778,0.0016136054193526261,0.0075661715246297945,0.0
2020-07-01,1M,4.25,-0.1,4.250017754634753,0.2664596976224058,0.5105105105105103,3.981981981981982,4.4924924924924925,4.243064353901392,0.2611113129651485,0.5105105105105103,3.981981981981982,4.4924924924924925,0.002821652698640209,0.006953400733360482,0.0
2020-08-01,1M,4.0,-0.1,4.000046526468689,0.24559537485807487,0.5105105105105103,3.726726726726727,4.237237237237237,3.9940433313411066,0.24456672824125733,0.5105105105105103,3.726726726726727,4.237237237237237,0.0005042035890452934,0.006003195127582739,0.0
2020-09-01,1M,4.25,-0.1,4.250005433035752,0.2446412505475136,0.4354354354354353,4.027027027027027,4.4624624624624625,4.244179316792346,0.2382486970734185,0.42042042042042027,4.027027027027027,4.4474474474474475,0.00308689981226979,0.005826116243405899,0.01501501501501501
2020-10-01,1M,4.0,-0.1,4.000441179034329,0.23802142890128525,0.4804804804804803,3.741741741741742,4.222222222222222,3.99481618511521,0.236470297663906,0.4954954954954953,3.726726726726727,4.222222222222222,0.0007359989389532778,0.005624993919119081,-0.01501501501501501
2020-11-01,1M,4.0,-0.1,4.000590610634198,0.23687501428146893,0.4804804804804803,3.741741741741742,4.222222222222222,3.9950283941201503,0.23497071945532624,0.4804804804804803,3.741741741741742,4.222222222222222,0.0008985333894924799,0.0055622165140478685,0.0
2020-12-01,1M,4.0,-0.1,4.002371697800553,0.21485446582526727,0.4354354354354353,3.771771771771772,4.207207207207207,3.997807741650736,0.2125613310691135,0.4354354354354353,3.771771771771772,4.207207207207207,0.0009801220191876653,0.00456395614981675,0.0
2021-01-01,1M,4.0,-0.1,4.001416835440392,0.24414944615020226,0.4804804804804803,3.741741741741742,4.222222222222222,3.995550388392414,0.2404780997446341,0.4804804804804803,3.741741741741742,4.222222222222222,0.0017792355986603267,0.00586644704797834,0.0
2021-02-01,1M,4.0,-0.1,4.000328950578458,0.25642580054691577,0.5105105105105103,3.726726726726727,4.237237237237237,3.993841643442939,0.25320283195028787,0.5105105105105103,3.726726726726727,4.237237237237237,0.0016425170784809262,0.006487307135519149,0.0
2021-03-01,1M,4.25,-0.1,4.250058738675365,0.32635313658338727,0.6156156156156154,3.936936936936937,4.5525525525525525,4.239765251701184,0.31571099177715994,0.6156156156156154,3.921921921921922,4.5375375375375375,0.006832939428897081,0.010293486974181754,0.0
2021-04-01,1M,4.5,-0.1,4.5000858140659155,0.3421824417301092,0.6906906906906904,4.132132132132132,4.822822822822823,4.488556026147771,0.33734993190538176,0.6906906906906904,4.117117117117117,4.807807807807808,0.003283846871813864,0.011529787918144407,0.0
2021-05-01,1M,5.0,-0.1,5.0000074129646235,0.38006909371169306,0.6906906906906913,4.642642642642643,5.333333333333334,4.986134452533987,0.3654330203775712,0.6756756756756763,4.627627627627628,5.303303303303304,0.010911223612553367,0.01387296043063646,0.01501501501501501
2021-06-01,1M,5.25,-0.1,5.250004147240164,0.3644266532211392,0.7357357357357364,4.852852852852853,5.588588588588589,5.237008668557958,0.35702384621933814,0.7207207207207214,4.852852852852853,5.573573573573574,0.005340758808710849,0.012995478682205963,0.01501501501501501
2021-07-01,1M,6.0,-0.1,6.00000058980579,0.364577543844443,0.7957957957957955,5.588588588588589,6.384384384384385,5.986854045407833,0.36090535533703266,0.7957957957957955,5.573573573573574,6.36936936936937,0.002664109964696959,0.013146544397956816,0.0
2021-08-01,1M,6.5,-0.1,6.500000009859329,0.3579289029266751,0.7357357357357355,6.129129129129129,6.864864864864865,6.487503411717832,0.34935544181799355,0.7207207207207205,6.129129129129129,6.84984984984985,0.006063874822447718,0.012496598141497728,0.01501501501501501
2021-09-01,1M,6.5,-0.1,6.500000000385204,0.32038693014555725,0.7357357357357355,6.129129129129129,6.864864864864865,6.489775616842624,0.31920475478042865,0.7507507507507505,6.114114114114114,6.864864864864865,0.0007561095336605927,0.010224383542579929,-0.01501501501501501
2021-10-01,1M,6.5,-0.1,6.50000004188877,0.3955293242258123,0.9159159159159156,6.024024024024024,6.93993993993994,6.4843266181323616,0.3964407404956789,0.9159159159159156,6.009009009009009,6.924924924924925,-0.0007218144022345108,0.015673423756408233,0.0
2021-11-01,1M,7.0,-0.1,6.999999825518616,0.4625352473205425,1.0360360360360357,6.45945945945946,7.495495495495495,6.97883058937582,0.4581462803205306,1.0210210210210207,6.444444444444445,7.465465465465465,0.004040840842337218,0.02116923614279642,0.01501501501501501
2021-12-01,1M,7.5,-0.1,7.499997245540166,0.5419930872528292,1.2462462462462458,6.864864864864865,8.11111111111111,7.470964088802295,0.536299169916965,1.2462462462462458,6.834834834834835,8.08108108108108,0.006139706976227288,0.02903315673787077,0.0
2022-01-01,1M,8.0,-0.1,7.999997752223212,0.5240491800548704,1.2162162162162158,7.375375375375375,8.591591591591591,7.972723258053774,0.5209087104655122,1.2162162162162158,7.345345345345345,8.561561561561561,0.0032816584773391333,0.027274494169438057,0.0
2022-02-01,1M,8.5,-0.1,8.499978060011106,0.6127902968394964,1.4564564564564577,7.7507507507507505,9.207207207207208,8.462789115055289,0.6074175351194524,1.4564564564564577,7.7207207207207205,9.177177177177178,0.006555885930046856,0.03718894495581715,0.0
2022-03-01,1M,8.75,-0.1,8.495133130505696,0.9973981049315697,2.158158158158159,7.381381381381381,9.53953953953954,8.405067445357414,0.9064544487516394,2.13013013013013,7.325325325325325,9.455455455455455,0.1731433120594481,0.09006568514828217,0.02802802802802873
2022-04-01,1M,12.0,-0.1,11.999970526609193,1.3431642033175069,3.3243243243243246,10.324324324324325,13.64864864864865,11.820885453520686,1.3344843101858561,3.2972972972972983,10.135135135135135,13.432432432432433,0.023241702941332987,0.17908507308850652,0.027027027027026307
2022-05-01,1M,5.0,-0.1,5.148665748388478,1.0769059463770232,2.8108108108108105,3.756756756756757,6.5675675675675675,5.035213127793887,1.053320983714959,2.72972972972973,3.6756756756756754,6.405405405405405,0.05024132260794256,0.11345262059459049,0.0810810810810807
2022-06-01,1M,8.0,-0.1,8.000449298753518,1.1755558162848525,2.8648648648648667,6.54054054054054,9.405405405405407,7.863617916547111,1.1655966781376483,2.891891891891891,6.378378378378379,9.27027027027027,0.023315861115625225,0.1368313822064069,-0.02702702702702453
2022-07-01,1M,8.0,-0.1,8.000468968891692,1.1545252795294623,2.729729729729729,6.621621621621622,9.35135135135135,7.8699249045759165,1.1333746012923347,2.7297297297297307,6.486486486486487,9.216216216216218,0.048390634218024475,0.13054406431577537,-1.7763568394002505e-15
2022-08-01,1M,7.0,-0.1,7.0035063238669935,1.1426698413890897,2.6756756756756754,5.648648648648649,8.324324324324325,6.876515127711742,1.114170820943746,2.6486486486486474,5.513513513513514,8.162162162162161,0.06431774817770664,0.12699119615525145,0.027027027027028083
2022-09-01,1M,7.0,-0.1,7.003462301376396,1.1430839246646396,2.6756756756756754,5.648648648648649,8.324324324324325,6.876415534757301,1.114258573974436,2.6486486486486474,5.513513513513514,8.162162162162161,0.06506868915117159,0.12704676661909442,0.027027027027028083
2022-10-01,1M,6.0,-0.1,6.019492612751775,1.0787742620255223,2.621621621621622,4.675675675675675,7.297297297297297,5.905703083538798,1.056846610705543,2.5945945945945947,4.5675675675675675,7.162162162162162,0.04682914984891662,0.11378952921297714,0.027027027027027195
2022-11-01,1M,6.5,-0.1,6.503057482771018,0.9901572226138448,2.3243243243243246,5.324324324324325,7.648648648648649,6.407215337243105,0.9698575952895755,2.3243243243243246,5.216216216216216,7.54054054054054,0.03978757035348501,0.09584214552791259,0.0
2022-12-01,1M,7.0,-0.1,7.000194257551481,0.822782581106933,1.9189189189189193,6.027027027027027,7.9459459459459465,6.933716743053715,0.8090127473475773,1.8918918918918912,5.972972972972974,7.864864864864865,0.02246955040211185,0.06647751449776607,0.027027027027028083
2023-01-01,1M,7.0,-0.1,7.000176563987693,0.7817570047103339,1.8378378378378386,6.081081081081081,7.918918918918919,6.93979271820879,0.7732496592803911,1.8378378378378377,6.0,7.837837837837838,0.013228978836432037,0.06038384577890277,8.881784197001252e-16
2023-02-01,1M,7.0,-0.1,7.00016990056669,0.7404178132037101,1.7567567567567561,6.108108108108109,7.864864864864865,6.945508368185192,0.7388663078782832,1.7837837837837842,6.027027027027027,7.810810810810811,0.0022951171916781865,0.05466153238149829,-0.027027027027028083
2023-03-01,1M,7.0,-0.1,7.000130916911674,0.7111675118244039,1.6756756756756763,6.135135135135135,7.810810810810811,6.9496658639674145,0.7101517018454585,1.6756756756756763,6.081081081081081,7.756756756756757,0.0014437902405125547,0.050465052944259625,0.0
2023-04-01,1M,7.0,-0.1,7.0002031066015835,0.6071874841810669,1.4324324324324325,6.27027027027027,7.702702702702703,6.963390436003966,0.6066153218611106,1.4594594594594605,6.216216216216216,7.675675675675676,0.000694492229474597,0.036812670597617725,-0.027027027027028083
2023-05-01,1M,7.0,-0.1,7.000341197930064,0.5528428036176272,1.3243243243243246,6.351351351351352,7.675675675675676,6.969838788657135,0.5519722236506747,1.3243243243243246,6.297297297297297,7.621621621621622,0.0009618298299278738,0.030502409272928688,0.0
2023-06-01,1M,7.0,-0.1,7.000458800109673,0.53603461383766,1.2972972972972974,6.351351351351352,7.648648648648649,6.971652423072077,0.5376140908237008,1.2972972972972974,6.324324324324325,7.621621621621622,-0.001695803420105002,0.028806377037596143,0.0
2023-07-01,1M,7.5,-0.1,7.500488490245878,0.6779508684884742,1.621621621621621,6.7027027027027035,8.324324324324325,7.454699389239809,0.6758398302705061,1.621621621621621,6.648648648648649,8.27027027027027,0.0028579039042098686,0.045789101006069366,0.0
2023-08-01,1M,9.0,-0.1,9.000528487053197,0.8641010898578513,2.108108108108108,7.9459459459459465,10.054054054054054,8.925431288871824,0.8696731476479476,2.135135135135136,7.837837837837838,9.972972972972974,-0.009660690246362402,0.07509719818137306,-0.027027027027028083
2023-09-01,1M,11.0,-0.1,11.000254504112066,0.7675454782038389,1.8378378378378386,10.08108108108108,11.91891891891892,10.941199165154188,0.7702796959548538,1.8378378378378368,10.027027027027028,11.864864864864865,-0.004204748889142351,0.05905533895787762,1.7763568394002505e-15
2023-10-01,1M,12.5,-0.1,12.500056923694949,0.6930847021147613,1.6486486486486491,11.675675675675675,13.324324324324325,12.452354947757089,0.6889254237272046,1.6486486486486474,11.621621621621623,13.27027027027027,0.005748164847798942,0.0477019759378603,1.7763568394002505e-15
2023-11-01,1M,14.0,-0.1,14.00007122657136,0.7241692967594444,1.7297297297297298,13.135135135135135,14.864864864864865,13.947791748794927,0.7226670703310909,1.7297297297297298,13.081081081081082,14.810810810810812,0.0021734758281464206,0.05227947777643216,0.0
2023-12-01,1M,15.0,-0.1,15.000019515304153,0.7814972376156453,1.891891891891893,14.054054054054054,15.945945945945947,14.938984608759961,0.78166302729538,1.8918918918918912,13.972972972972974,15.864864864864865,-0.0002591558396934923,0.06103490654419197,1.7763568394002505e-15
2024-01-01,1M,15.5,-0.1,15.500005344858934,0.33404826947893684,0.8108108108108105,15.081081081081082,15.891891891891893,15.488799602018936,0.33552077155098126,0.8108108108108105,15.081081081081082,15.891891891891893,-0.0009859418002933773,0.011205742839997868,0.0
2024-02-01,1M,15.5,-0.1,15.500002114810792,0.2948518870732173,0.7297297297297298,15.135135135135135,15.864864864864865,15.491268183905131,0.2962518093753488,0.7027027027027035,15.135135135135135,15.837837837837839,-0.0008274992475306997,0.008733930905661325,0.027027027027026307
2024-03-01,1M,15.5,-0.1,15.49999999998002,0.29270359831983417,0.7297297297297298,15.135135135135135,15.864864864864865,15.491428621381047,0.29284037911346644,0.7567567567567561,15.108108108108109,15.864864864864865,-8.009116993991372e-05,0.008571378598972501,-0.027027027027026307
2024-04-01,1M,15.5,-0.1,15.499999999986743,0.300743781966592,0.7567567567567561,15.108108108108109,15.864864864864865,15.490941581471398,0.30120685741080006,0.7567567567567561,15.108108108108109,15.864864864864865,-0.0002787485597209871,0.009058418515344613,0.0
2024-05-01,1M,15.5,-0.1,15.49999999999944,0.4498835605621098,1.1351351351351369,14.91891891891892,16.054054054054056,15.479729002125056,0.4506094506311227,1.1351351351351369,14.91891891891892,16.054054054054056,-0.000653658934040624,0.020270997874384022,0.0
2024-06-01,1M,15.5,-0.1,15.500000000193724,0.5229742372732561,1.3243243243243228,14.837837837837839,16.16216216216216,15.472584814932144,0.5242698794771435,1.3243243243243246,14.810810810810812,16.135135135135137,-0.0013568536754346994,0.027415185261579822,-1.7763568394002505e-15
2024-07-01,1M,17.0,-0.1,17.00000190554884,1.1891881987275412,2.9729729729729737,15.513513513513514,18.486486486486488,16.858730306621368,1.188986850913745,2.945945945945944,15.378378378378379,18.324324324324323,0.00047884034707035283,0.14127159892747088,0.02702702702702986
2024-08-01,1M,19.0,-0.1,19.000000000923116,0.46312491898485114,1.1621621621621614,18.432432432432435,19.594594594594597,18.9786026253401,0.462046168150529,1.1621621621621614,18.405405405405407,19.56756756756757,0.0009980290821379745,0.021397375583017464,0.0
2024-09-01,1M,19.0,-0.1,19.000000023618686,0.6972140888220193,1.756756756756758,18.10810810810811,19.864864864864867,18.951177326864176,0.7003956228542259,1.7297297297297298,18.08108108108108,19.81081081081081,-0.004446542861440361,0.048822696754509565,0.027027027027028083
2024-10-01,1M,20.0,-0.1,20.00000003987441,0.7455085753438184,1.8378378378378386,19.08108108108108,20.91891891891892,19.944377251201825,0.7462967189833508,1.8648648648648667,19.0,20.864864864864867,-0.0011757568541448382,0.05562278867258641,-0.027027027027028083
2024-11-01,1M,20.0,-0.1,19.998055951073574,0.7786720776992297,1.9759759759759774,19.01801801801802,20.993993993993996,19.93692151101162,0.7857914746786533,1.9339339339339325,18.975975975975977,20.90990990990991,-0.011138037089217345,0.061134440061955786,0.04204204204204487
2024-12-01,1M,21.0,-0.1,21.000001963455446,0.8878402383370453,2.2022022022022014,19.894894894894897,22.097097097097098,20.920884144531083,0.8915690128577699,2.2022022022022014,19.814814814814817,22.017017017017018,-0.006635015877796802,0.07911781892436309,0.0
2025-01-01,1M,20.0,-0.1,20.00000000769219,0.7896545100665696,1.9619619619619613,19.014014014014016,20.975975975975977,19.93774091053444,0.7886273346451533,2.0020020020020013,18.933933933933936,20.935935935935937,0.0016211723189554217,0.062259097157749466,-0.040040040040040026
2025-02-01,1M,20.0,-0.1,20.000000000027697,0.6959219677402684,1.7617617617617611,19.134134134134136,20.895895895895897,19.95148842793031,0.6971651863442381,1.7617617617617611,19.054054054054056,20.815815815815817,-0.001731911866908964,0.04851157209738588,0.0
2025-03-01,1M,21.0,-0.1,20.999999999991264,0.6215960558293583,1.561561561561561,20.215215215215217,21.776776776776778,20.961410044857764,0.6208753777714585,1.561561561561561,20.175175175175177,21.736736736736738,0.0008954218997633823,0.03858995513349939,0.0
2025-04-01,1M,21.0,-0.1,20.999999999990266,0.6039375577252571,1.521521521521521,20.255255255255257,21.776776776776778,20.963569111766855,0.6032731061380643,1.521521521521521,20.215215215215217,21.736736736736738,0.0008021330416801975,0.03643088822341056,0.0
2025-05-01,1M,21.0,-0.1,20.99999999999481,0.6595589758975636,1.641641641641641,20.175175175175177,21.816816816816818,20.956527381454535,0.6591824053315001,1.641641641641641,20.135135135135137,21.776776776776778,0.0004965991884208765,0.04347261854027451,0.0
2025-06-01,1M,20.0,-0.1,19.999999999991264,0.5005548030272547,1.2412412412412408,19.374374374374376,20.615615615615617,19.974957207145334,0.5003274385990413,1.2812812812812808,19.334334334334336,20.615615615615617,0.00022756501857640332,0.02504279284593025,-0.040040040040040026
2025-07-01,1M,18.0,-0.1,17.99999999999479,0.5329832348397033,1.3613613613613644,17.33233233233233,18.693693693693696,17.971682784749085,0.5313325000332287,1.3613613613613644,17.29229229229229,18.653653653653656,0.0017569030286332943,0.02831721524570696,0.0
2025-08-01,1M,17.0,-0.1,16.999999999995214,0.522520312878148,1.3213213213213209,16.33133133133133,17.65265265265265,16.972761308545262,0.5213272324655475,1.3213213213213209,16.33133133133133,17.65265265265265,0.0012453940600907765,0.027238691449952057,0.0
2025-09-01,1M,16.0,-0.1,16.000000000011315,0.5674212628679293,1.441441441441441,15.29029029029029,16.73173173173173,15.967812348903962,0.5673055294141395,1.441441441441441,15.25025025025025,16.69169169169169,0.00013132585077851866,0.03218765110735333,0.0
2025-10-01,1M,16.0,-0.1,16.000000000077076,0.7006487806626928,1.7617617617617611,15.13013013013013,16.89189189189189,15.950930887499169,0.7004250721733416,1.8018018018018012,15.05005005005005,16.85185185185185,0.00031343211508744195,0.04906911257790725,-0.040040040040040026
2025-11-01,1M,16.0,-0.1,15.99999999999925,0.5027252582702773,1.2812812812812808,15.37037037037037,16.65165165165165,15.97478219073536,0.501652245231921,1.2812812812812808,15.33033033033033,16.61161161161161,0.0010777101566895597,0.025217809263891056,0.0
2025-12-01,1M,14.0,-0.1,14.000000000604908,0.5672056714917935,1.441441441441441,13.288288288288289,14.72972972972973,13.967760004767953,0.5684480597503465,1.441441441441441,13.248248248248249,14.68968968968969,-0.001410922861477093,0.032239995836954805,0.0
2026-01-01,1M,14.0,-0.1,14.000000000387711,0.5455101316953725,1.3613613613613609,13.328328328328329,14.68968968968969,13.970196120817528,0.5463913302094757,1.3613613613613609,13.288288288288289,14.64964964964965,-0.0009621819457775738,0.029803879570183156,0.0
2026-02-01,1M,14.0,-0.1,14.00000000017157,0.4885461014085948,1.2412412412412408,13.368368368368369,14.60960960960961,13.976061310166052,0.4900276653514101,1.2012012012012008,13.368368368368369,14.56956956956957,-0.001449819608216607,0.02393869000551696,0.040040040040040026
2026-03-01,1M,14.0,-0.1,14.000000000008871,0.4188862227808873,1.0410410410410407,13.488488488488489,14.52952952952953,13.982439083652384,0.41924622907654774,1.0810810810810807,13.448448448448449,14.52952952952953,-0.0003017329592660267,0.017560916356487155,-0.040040040040040026
2019-03-01,3M,6.0,-0.1,6.000001865999805,0.557149445643236,1.401401401401401,5.298298298298299,6.6996996996997,5.968972285997107,0.5570093577734662,1.4014014014014018,5.256256256256256,6.657657657657658,0.0001560801333559958,0.03102958000269851,-8.881784197001252e-16
2019-04-01,3M,7.0,-0.1,6.999998039573204,0.6186412537100028,1.4154154154154153,6.265265265265265,7.68068068068068,6.962404444575472,0.6083994641375836,1.4154154154154153,6.237237237237237,7.652652652652653,0.012567092828985105,0.03759359499773218,0.0
2019-05-01,3M,7.0,-0.1,6.999995195538853,0.6698884039729013,1.3873873873873874,6.2792792792792795,7.666666666666667,6.956846051208899,0.6460829685765802,1.3873873873873865,6.223223223223224,7.61061061061061,0.0313272714926347,0.04314914432995387,8.881784197001252e-16
2019-06-01,3M,7.0,-0.1,7.000000053686485,0.6305541058834678,1.2752752752752752,6.34934934934935,7.624624624624625,6.962034870652803,0.6035043521727604,1.2752752752752752,6.307307307307307,7.5825825825825826,0.03338097735503637,0.03796518303368135,0.0
2019-07-01,3M,6.5,-0.1,6.500140291314509,0.5313853590189231,1.1211211211211216,5.900900900900901,7.022022022022022,6.472352512719505,0.5240821156706703,1.135135135135135,5.858858858858859,6.993993993993994,0.007708335813823963,0.027787778595004475,-0.014014014014013476
2019-08-01,3M,6.5,-0.1,6.500122039791462,0.5537049799983798,1.0930930930930929,5.914914914914915,7.008008008008008,6.470549215648565,0.535424916116926,1.0930930930930938,5.886886886886886,6.97997997997998,0.01990936407618893,0.02957282414289697,-8.881784197001252e-16
2019-09-01,3M,6.5,-0.1,6.500158488306583,0.5703147670610266,1.0930930930930929,5.914914914914915,7.008008008008008,6.469100181370989,0.5461337102872051,1.0930930930930938,5.886886886886886,6.97997997997998,0.02699690401580407,0.031058306935593194,-8.881784197001252e-16
2019-10-01,3M,6.0,-0.1,6.00052121521938,0.5164248899477901,1.0930930930930929,5.424424424424425,6.5175175175175175,5.974339677767543,0.5081130513860008,1.0930930930930938,5.396396396396396,6.48948948948949,0.008515793968794372,0.026181537451837045,-8.881784197001252e-16
2019-11-01,3M,6.0,-0.1,6.0000566947553216,0.44549007227150617,0.8688688688688693,5.564564564564565,6.433433433433434,5.980948483010716,0.42952842680898506,0.8548548548548549,5.55055055055055,6.405405405405405,0.013966735055470136,0.019108211744605974,0.014014014014014364
2019-12-01,3M,6.0,-0.1,6.000003116553617,0.37039485714656223,0.8268268268268271,5.592592592592593,6.41941941941942,5.986484278999705,0.3651598141762432,0.8268268268268262,5.578578578578579,6.405405405405405,0.0038506603113937776,0.013518837553911922,8.881784197001252e-16
2020-01-01,3M,6.0,-0.1,6.000000483134212,0.4030833202360844,0.924924924924925,5.55055055055055,6.475475475475475,5.98409193081848,0.39481423889238215,0.8968968968968971,5.55055055055055,6.4474474474474475,0.006597879820374769,0.015908552315731406,0.02802802802802784
2020-02-01,3M,5.0,-0.1,5.0007588093776825,0.36494389292773505,0.8688688688688693,4.555555555555555,5.424424424424425,4.98734713944057,0.36759764019348645,0.8688688688688693,4.541541541541541,5.41041041041041,-0.0019439800905698135,0.013411669937112514,0.0
2020-03-01,3M,6.0,-0.1,5.999966244727034,0.7632936500453538,1.5275275275275266,5.2142142142142145,6.741741741741741,5.945870781585765,0.7121193609035747,1.5135135135135132,5.172172172172172,6.685685685685685,0.0755032120258432,0.054095463141268674,0.014014014014013476
2020-04-01,3M,5.0,-0.1,5.006167785102396,0.5199310986799055,1.135135135135135,4.42942942942943,5.564564564564565,4.979730889853686,0.5094957074151595,1.135135135135135,4.401401401401401,5.536536536536536,0.010742471500019779,0.02643689524871018,0.0
2020-05-01,3M,4.0,-0.1,4.067636834141623,0.5579143877075518,1.3663663663663663,3.4264264264264264,4.792792792792793,4.036975334657122,0.5500607618948057,1.2012012012012012,3.3663663663663663,4.5675675675675675,0.0087016222347982,0.030661499484500254,0.1651651651651651
2020-06-01,3M,4.25,-0.1,4.25163889704012,0.5428230953766546,1.0360360360360357,3.711711711711712,4.747747747747748,4.223629551071765,0.5171789418785636,1.0360360360360357,3.681681681681682,4.717717717717718,0.027182854951662117,0.028009345968355248,0.0
2020-07-01,3M,4.0,-0.1,4.002132965440189,0.5471984789041167,1.006006006006006,3.4864864864864864,4.4924924924924925,3.9740446592745413,0.5142551784456317,0.9759759759759761,3.4714714714714714,4.4474474474474475,0.03496778675683054,0.028088306165647392,0.03003003003003002
2020-08-01,3M,4.0,-0.1,4.003181569889536,0.5285744866658871,0.9759759759759761,3.5015015015015014,4.4774774774774775,3.9768184019534147,0.499633076710455,0.945945945945946,3.4864864864864864,4.4324324324324325,0.029757776610950637,0.026363167936121368,0.03003003003003002
2020-09-01,3M,4.0,-0.1,4.001698847549864,0.4693731789420836,0.840840840840841,3.5465465465465464,4.387387387387387,3.980713525514157,0.44791300798607864,0.840840840840841,3.5315315315315314,4.372372372372372,0.019685118387060302,0.020985322035707465,0.0
2020-10-01,3M,4.0,-0.1,4.001979759732995,0.4921866090240512,0.885885885885886,3.5165165165165164,4.402402402402402,3.979103457506834,0.4658676460702296,0.870870870870871,3.5015015015015014,4.372372372372372,0.025214994447577493,0.022876302226161105,0.01501501501501501
2020-11-01,3M,4.0,-0.1,4.001721700345506,0.4916210912023988,0.885885885885886,3.5165165165165164,4.402402402402402,3.9789219595855045,0.46486807782882095,0.885885885885886,3.5015015015015014,4.387387387387387,0.02558896753077458,0.022799740760001352,0.0
2020-12-01,3M,4.0,-0.1,4.00044062942128,0.4467271317729851,0.795795795795796,3.5615615615615615,4.357357357357357,3.98154946249747,0.4239476760783319,0.810810810810811,3.5465465465465464,4.357357357357357,0.019833498209899825,0.018891166923809877,-0.01501501501501501
2021-01-01,3M,4.0,-0.1,4.001006557170161,0.5061056122667509,0.870870870870871,3.5165165165165164,4.387387387387387,3.9771009953218686,0.47366965657484367,0.870870870870871,3.5015015015015014,4.372372372372372,0.03177994720817243,0.0239055618482924,0.0
2021-02-01,3M,4.0,-0.1,4.002066421594192,0.5203434916609919,0.930930930930931,3.4864864864864864,4.4174174174174174,3.9767034496902465,0.4889132970493799,0.930930930930931,3.4714714714714714,4.402402402402402,0.03172113728225756,0.02536297190394521,0.0
2021-03-01,3M,4.25,-0.1,4.25396452711126,0.612333912440261,1.2312312312312308,3.621621621621622,4.852852852852853,4.218572017099565,0.5800725294282466,1.2312312312312312,3.5915915915915915,4.822822822822823,0.03846868092711331,0.035392510011694966,-4.440892098500626e-16
2021-04-01,3M,5.0,-0.1,5.000917095067533,0.6998098830369078,1.3213213213213217,4.297297297297297,5.618618618618619,4.955365174837317,0.6538909525916601,1.3213213213213217,4.252252252252252,5.573573573573574,0.062160494514901965,0.04555192023021615,0.0
2021-05-01,3M,5.5,-0.1,5.500140957467857,0.7213242761564997,1.3213213213213217,4.777777777777778,6.099099099099099,5.451827716902109,0.673141336127662,1.3363363363363367,4.732732732732733,6.069069069069069,0.06718945296896417,0.04831324056574804,-0.01501501501501501
2021-06-01,3M,5.75,-0.1,5.749957303641701,0.71984599946814,1.4414414414414418,5.003003003003003,6.444444444444445,5.701130901573691,0.6813441580805583,1.4564564564564568,4.942942942942943,6.3993993993994,0.05394840119978056,0.04882640206801003,-0.01501501501501501
2021-07-01,3M,6.5,-0.1,6.49992733086832,0.7098342275799282,1.396396396396396,5.738738738738739,7.135135135135135,6.451781561519823,0.680781690500395,1.396396396396396,5.693693693693694,7.09009009009009,0.04040092052341748,0.04814576934849679,0.0
2021-08-01,3M,6.5,-0.1,6.499981209814295,0.6778900969988112,1.441441441441441,5.738738738738739,7.18018018018018,6.4554291277593405,0.6588771254620358,1.441441441441441,5.693693693693694,7.135135135135135,0.02541591715194247,0.04455208205495431,0.0
2021-09-01,3M,6.5,-0.1,6.500000363315679,0.6194918437024782,1.441441441441441,5.768768768768769,7.21021021021021,6.462208544492285,0.6106643107568113,1.426426426426426,5.738738738738739,7.165165165165165,0.010859243981804323,0.03779181882339344,0.01501501501501501
2021-10-01,3M,7.25,-0.1,7.249947989943807,0.7033296649390388,1.606606606606606,6.42942942942943,8.036036036036036,7.201436402393457,0.690992171645853,1.606606606606606,6.384384384384385,7.990990990990991,0.017202436307408586,0.04851158755034923,0.0
2021-11-01,3M,8.0,-0.1,7.9994694881590265,0.7842163470901174,1.711711711711711,7.12012012012012,8.831831831831831,7.940181622143105,0.758217886176718,1.6966966966966979,7.06006006006006,8.756756756756758,0.040100916125077046,0.05928786601592151,0.015015015015013233
2021-12-01,3M,2.0,-0.1,2.7083655905254065,0.635863039871635,1.5165165165165169,2.09009009009009,3.606606606606607,2.6696711754273648,0.6083109117909534,1.4114114114114114,2.09009009009009,3.5015015015015014,0.034279640070855266,0.03869441509804172,0.10510510510510551
2022-01-01,3M,8.75,-0.1,8.747335806518066,0.8693633950545621,2.042042042042043,7.7057057057057055,9.747747747747749,8.673095931159141,0.8556454010827319,2.0570570570570563,7.615615615615615,9.672672672672672,0.023663660266765363,0.07423987535892529,-0.015015015015013233
2022-02-01,3M,9.5,-0.1,9.494216752593438,0.965314513307353,2.3423423423423433,8.306306306306306,10.64864864864865,9.401405082218774,0.9621964834683017,2.3573573573573583,8.2012012012012,10.558558558558559,0.006010036803046015,0.09281167037466354,-0.01501501501501501
2022-03-01,3M,8.75,-0.1,9.020062725052496,2.3648928704098724,5.605605605605606,7.213213213213213,12.81881881881882,8.539213782978896,2.034486265146116,3.83983983983984,7.129129129129129,10.96896896896897,1.4535839254472531,0.4808489420735995,1.7657657657657664
2022-04-01,3M,8.0,-0.1,8.102993957632512,1.9305055879348083,4.891891891891891,5.72972972972973,10.621621621621621,7.738784128270206,1.8887028842263347,4.8108108108108105,5.324324324324325,10.135135135135135,0.15965324016264493,0.3642098293623057,0.0810810810810807
2022-05-01,3M,4.0,-0.1,4.929730754684306,1.4612807469707827,3.6486486486486487,3.3513513513513513,7.0,4.733630137811805,1.3412060211550763,3.3513513513513518,3.2972972972972974,6.648648648648649,0.3365078302848574,0.19610061687250102,0.2972972972972969
2022-06-01,3M,4.0,-0.1,4.868501845127883,1.313971504661688,3.351351351351352,3.3513513513513513,6.7027027027027035,4.706710628697615,1.2320018023357093,3.135135135135135,3.2972972972972974,6.4324324324324325,0.2086926741044639,0.1617912164302684,0.21621621621621712
2022-07-01,3M,6.5,-0.1,6.613050949353967,1.7154568993672152,4.243243243243242,4.45945945945946,8.702702702702702,6.335113848274088,1.6267050842750914,4.162162162162161,4.243243243243244,8.405405405405405,0.2966229423801474,0.27793710107987923,0.0810810810810807
2022-08-01,3M,5.0,-0.1,5.421817581029477,1.5263696124465924,3.6216216216216215,3.6486486486486487,7.27027027027027,5.210314476788201,1.3930375965942008,3.4324324324324333,3.5405405405405403,6.972972972972974,0.3892504482754138,0.2115031042412756,0.18918918918918814
2022-09-01,3M,5.0,-0.1,5.419486141210353,1.5425802182505006,3.6486486486486482,3.621621621621622,7.27027027027027,5.204822344884634,1.3995117378291948,3.4324324324324333,3.5405405405405403,6.972972972972974,0.42092062541606956,0.21466379632571897,0.2162162162162149
2022-10-01,3M,4.0,-0.1,4.76755656376265,1.2833857671709306,3.0000000000000004,3.3513513513513513,6.351351351351352,4.6194853668414515,1.1614296183573143,2.8378378378378377,3.2972972972972974,6.135135135135135,0.29816026897930126,0.1480711969211983,0.16216216216216273
2022-11-01,3M,5.0,-0.1,5.286872506164678,1.3652010822224105,3.243243243243244,3.6756756756756754,6.918918918918919,5.1152002446894125,1.26333868402889,3.135135135135136,3.5675675675675675,6.7027027027027035,0.26774936433739294,0.1716722614752655,0.10810810810810789
2022-12-01,3M,6.0,-0.1,6.056813084633531,1.2778914568976092,3.135135135135135,4.45945945945946,7.594594594594595,5.898823371428116,1.2389981253407198,3.108108108108108,4.297297297297297,7.405405405405405,0.09789022101407596,0.15798971320541533,0.027027027027027195
2023-01-01,3M,6.5,-0.1,6.524937111054485,1.2646819239982143,3.0540540540540544,4.945945945945946,8.0,6.368821633509615,1.2369932536555508,3.0540540540540535,4.783783783783784,7.837837837837838,0.06926805929847935,0.1561154775448701,8.881784197001252e-16
2023-02-01,3M,6.5,-0.1,6.520201402862682,1.2089846369902286,2.9189189189189193,5.027027027027027,7.9459459459459465,6.37676167352078,1.18852814397369,2.9189189189189193,4.864864864864865,7.783783783783784,0.049044703460850325,0.1434397293419023,0.0
2023-03-01,3M,7.0,-0.1,7.007470027010487,1.1973894775037515,2.8378378378378377,5.5675675675675675,8.405405405405405,6.866904772007175,1.1762530666524977,2.8378378378378386,5.405405405405405,8.243243243243244,0.050170284027301504,0.1405652550033114,-8.881784197001252e-16
2023-04-01,3M,6.5,-0.1,6.508551725397197,1.0131586527235523,2.4324324324324325,5.27027027027027,7.702702702702703,6.406974659822956,1.003671299551327,2.4594594594594597,5.162162162162162,7.621621621621622,0.019134378045553957,0.10157706557424095,-0.027027027027027195
2023-05-01,3M,6.5,-0.1,6.507436173312459,0.9188588253521919,2.243243243243243,5.378378378378379,7.621621621621622,6.423298521150752,0.9163588873380288,2.243243243243243,5.297297297297297,7.54054054054054,0.0045879305242194635,0.08413765216170699,0.0
2023-06-01,3M,7.0,-0.1,7.0024959577295105,0.8988566106874916,2.1621621621621614,5.918918918918919,8.08108108108108,6.922316055598337,0.8928070088874243,2.1621621621621614,5.837837837837839,8.0,0.0108388514580956,0.08017990213117354,0.0
2023-07-01,3M,6.5,-0.1,6.520391867728293,1.0877829153092633,2.6756756756756754,5.162162162162162,7.837837837837838,6.402795100647926,1.0820145626215925,2.7027027027027026,5.027027027027027,7.72972972972973,0.012516157113523718,0.11759676708036704,-0.027027027027027195
2023-08-01,3M,8.0,-0.1,8.004584892830401,1.147557209034144,2.756756756756757,6.621621621621622,9.378378378378379,7.873695642515191,1.1424942799208464,2.756756756756757,6.486486486486487,9.243243243243244,0.01159436835438088,0.13088925031521015,0.0
2023-09-01,3M,9.5,-0.1,9.502114821947645,1.1701678537680313,2.7837837837837824,8.108108108108109,10.891891891891891,9.36634092125936,1.1634072690832589,2.783783783783784,7.972972972972974,10.756756756756758,0.015776332236314028,0.1357739006882852,-1.7763568394002505e-15
2023-10-01,3M,11.0,-0.1,11.0008832827671,1.0000476218066587,2.378378378378379,9.81081081081081,12.18918918918919,10.900601162082637,1.0051789909633162,2.378378378378377,9.702702702702704,12.08108108108108,-0.010289557992876563,0.1002821206844633,1.7763568394002505e-15
2023-11-01,3M,12.5,-0.1,12.500706477825792,1.1377410481910253,2.72972972972973,11.135135135135135,13.864864864864865,12.370745217158184,1.1449679069128111,2.72972972972973,11.0,13.72972972972973,-0.016496815121490593,0.12996126066760816,0.0
2023-12-01,3M,13.5,-0.1,13.500284744617494,1.2304848233862937,3.0,12.0,15.0,13.348026899365648,1.239754893236403,3.0,11.837837837837839,14.837837837837839,-0.022899294719606944,0.15225784525184594,0.0
2024-01-01,3M,15.0,-0.1,15.000019742049826,0.8561407114260915,2.0810810810810825,13.972972972972974,16.054054054054056,14.926848205923415,0.8553945809759639,2.0810810810810807,13.891891891891893,15.972972972972974,0.0012770285981291707,0.07317153612641114,1.7763568394002505e-15
2024-02-01,3M,15.0,-0.1,15.000007834354822,0.5529078610821531,1.3513513513513526,14.324324324324325,15.675675675675677,14.969380113337527,0.5541446300762201,1.3513513513513509,14.297297297297298,15.64864864864865,-0.001369168195869297,0.030627721017294718,1.7763568394002505e-15
2024-03-01,3M,15.0,-0.1,15.000017889511613,0.6566148523955996,1.6216216216216228,14.18918918918919,15.810810810810812,14.956691791306877,0.6602059385920668,1.6216216216216228,14.135135135135135,15.756756756756758,-0.004728816965736793,0.04332609820473543,0.0
2024-04-01,3M,15.5,-0.1,15.50001517018557,0.7575980145695199,1.8648648648648667,14.567567567567568,16.432432432432435,15.44263916890116,0.7578459136155467,1.864864864864865,14.513513513513514,16.37837837837838,-0.0003756771041040219,0.05737600128441045,1.7763568394002505e-15
2024-05-01,3M,15.0,-0.1,15.000117741711035,1.1838742963524171,2.8648648648648667,13.567567567567568,16.432432432432435,14.859612673355477,1.1888219012314156,2.891891891891893,13.405405405405405,16.2972972972973,-0.011739163283547294,0.14050506835555865,-0.027027027027026307
2024-06-01,3M,15.0,-0.1,15.000986423555615,1.8923013506955628,4.594594594594595,12.702702702702704,17.2972972972973,14.642085235437069,1.9047685375618486,4.594594594594595,12.324324324324325,16.91891891891892,-0.0473387798412519,0.358901188118546,0.0
2024-07-01,3M,16.5,-0.1,16.501364380152417,1.8466831944084197,4.432432432432432,14.27027027027027,18.7027027027027,16.15565881361207,1.881826967142444,4.486486486486486,13.891891891891893,18.37837837837838,-0.1310339137540435,0.3457055665403459,-0.05405405405405439
2024-08-01,3M,19.0,-0.1,19.00014933251996,1.7401604761787928,4.216216216216214,16.891891891891895,21.10810810810811,18.695848168174578,1.7556747966009423,4.216216216216218,16.56756756756757,20.783783783783786,-0.05423550856495707,0.30430116434538235,-3.552713678800501e-15
2024-09-01,3M,20.0,-0.1,20.00037748744869,1.5560099390155533,3.72972972972973,18.135135135135137,21.864864864864867,19.753776093301088,1.5916431527269541,3.7837837837837824,17.83783783783784,21.62162162162162,-0.11216099530741186,0.24660139414760351,-0.054054054054052614
2024-10-01,3M,20.0,-0.1,19.999897148957807,1.6704417386452108,4.0,18.0,22.0,19.715385198013124,1.7123981129066574,4.054054054054053,17.675675675675677,21.72972972972973,-0.14193169487824653,0.2845119509446832,-0.054054054054052614
2024-11-01,3M,23.0,-0.1,23.190463442596506,2.289587265596238,5.171171171171171,21.162162162162165,26.333333333333336,22.557031768935154,2.8472037757554283,5.255255255255257,20.32132132132132,25.576576576576578,-2.864359493895508,0.6334316736613523,-0.08408408408408619
2024-12-01,3M,21.0,-0.1,21.00261877068092,2.169094621368951,5.165165165165163,18.413413413413416,23.57857857857858,20.52515984447648,2.2196248445681164,5.285285285285283,17.852852852852855,23.13813813813814,-0.22176297417232238,0.4774589262044415,-0.12012012012012008
2025-01-01,3M,17.0,-0.1,17.001967583939525,2.154851739896406,5.245245245245247,14.36936936936937,19.614614614614617,16.535734229045715,2.174088868424191,5.285285285285287,13.84884884884885,19.134134134134136,-0.08327638687141015,0.46623335489380935,-0.040040040040040026
2025-02-01,3M,18.0,-0.1,18.000223543810353,2.084842739913954,5.165165165165167,15.41041041041041,20.575575575575577,17.56526505489327,2.0919093084794254,5.165165165165167,14.96996996996997,20.135135135135137,-0.029515304730944436,0.4349584889170828,0.0
2025-03-01,3M,19.0,-0.1,19.000063997490486,1.9598905872801509,4.884884884884887,16.57157157157157,21.456456456456458,18.61419092826426,1.9729216585066778,4.924924924924927,16.13113113113113,21.056056056056057,-0.05124875649540561,0.3858730692262249,-0.040040040040040026
2025-04-01,3M,19.0,-0.1,19.000074672668983,1.925747151988876,4.764764764764767,16.61161161161161,21.376376376376378,18.62604800424648,1.9462235801821253,4.844844844844847,16.17117117117117,21.016016016016017,-0.07928413066366247,0.374026668422502,-0.08008008008008005
2025-05-01,3M,19.0,-0.1,19.00005889632601,2.0026519537446905,5.005005005005007,16.49149149149149,21.496496496496498,18.598454563355872,2.0095834951716807,5.005005005005007,16.09109109109109,21.096096096096097,-0.027810976229002193,0.40160433297013753,0.0
2025-06-01,3M,18.0,-0.1,18.00003876597138,1.7439723087185799,4.364364364364366,15.81081081081081,20.175175175175177,17.69475985436351,1.7532268008134064,4.364364364364366,15.49049049049049,19.854854854854857,-0.03236480151319876,0.3052789116078678,0.0
2025-07-01,3M,14.0,-0.1,14.000504887143576,1.6676888754482735,4.164164164164163,11.926926926926928,16.09109109109109,13.720799078600956,1.6795362476999374,4.204204204204203,11.606606606606608,15.81081081081081,-0.03965582204405882,0.2797058085426194,-0.040040040040040026
2025-08-01,3M,13.0,-0.1,13.0002688286859,1.498312683457556,3.723723723723724,11.166166166166166,14.88988988988989,12.777047506803019,1.4916899054119688,3.723723723723724,10.925925925925926,14.64964964964965,0.019802123501814428,0.2232213218828818,0.0
2025-09-01,3M,13.0,-0.1,13.000531193962189,1.5215000848001585,3.763763763763764,11.126126126126126,14.88988988988989,12.768628112109559,1.5261087033112501,3.8038038038038042,10.845845845845846,14.64964964964965,-0.01404526627545577,0.23190308185263042,-0.040040040040040026
2025-10-01,3M,14.0,-0.1,14.000294853993683,1.6312557397101424,4.084084084084083,11.966966966966968,16.05105105105105,13.735109123627625,1.6281498895044544,4.044044044044043,11.726726726726728,15.77077077077077,0.010123225643916989,0.2651857303660581,0.040040040040040026
2025-11-01,3M,13.0,-0.1,13.000369145759652,1.4518539918672257,3.603603603603604,11.206206206206206,14.80980980980981,12.78984447493885,1.4519081933382654,3.603603603603604,10.965965965965966,14.56956956956957,-0.00015738818198718363,0.21052467082080284,0.0
2025-12-01,3M,11.0,-0.1,11.002634548313024,1.2832249577839279,3.163163163163164,9.404404404404405,12.567567567567568,10.836654747132863,1.2948092315765993,3.203203203203204,9.204204204204204,12.407407407407408,-0.029864653896420235,0.16597980118016054,-0.040040040040040026
2026-01-01,3M,11.0,-0.1,11.00179582147685,1.2256351208602716,3.0030030030030037,9.484484484484485,12.487487487487488,10.850629595264781,1.2346331945647657,3.0430430430430437,9.324324324324325,12.367367367367368,-0.022137675635026,0.15116622621206943,-0.040040040040040026
2026-02-01,3M,11.0,-0.1,11.002090794321148,1.302467298632035,3.203203203203204,9.404404404404405,12.607607607607608,10.831568716612257,1.3104947918817504,3.243243243243244,9.204204204204204,12.447447447447448,-0.02097553554336251,0.17052207770889183,-0.040040040040040026
2026-03-01,3M,12.0,-0.1,12.000549186759159,1.3590983463154094,3.363363363363364,10.325325325325325,13.68868868868869,11.816755192680825,1.3539770521546095,3.363363363363364,10.125125125125125,13.488488488488489,0.013894457195994692,0.18379399407833397,0.0
2019-03-01,6M,5.0,-0.1,5.020776856614393,0.8021137190324261,2.0320320320320318,3.980980980980981,6.013013013013013,4.95707158108611,0.7946420305792584,2.046046046046046,3.910910910910911,5.956956956956957,0.0119304614969028,0.06370527552828342,-0.014014014014014364
2019-04-01,6M,6.0,-0.1,6.0043071138695,0.9308519958633509,2.1861861861861867,4.877877877877878,7.064064064064064,5.919934624506405,0.9088441475351426,2.2002002002002,4.77977977977978,6.97997997997998,0.04048775369390367,0.08437248936309505,-0.014014014014013476
2019-05-01,6M,6.5,-0.1,6.500070376786038,1.0380267488887653,2.158158158158158,5.368368368368369,7.526526526526527,6.399618911208989,0.9733235410699627,2.158158158158158,5.27027027027027,7.428428428428428,0.1301408158076085,0.10045146557704854,0.0
2019-06-01,6M,6.0,-0.1,6.007907493340458,0.9352948382079802,2.0320320320320313,4.933933933933934,6.965965965965966,5.924710575463894,0.8939342421128291,2.06006006006006,4.8358358358358355,6.895895895895896,0.07565800515665366,0.08319691787656414,-0.02802802802802873
2019-07-01,6M,6.0,-0.1,6.007168056146786,0.8882647100867034,1.84984984984985,5.018018018018018,6.867867867867868,5.932797257295789,0.8421253279183514,1.8638638638638634,4.933933933933934,6.797797797797798,0.07983912726382436,0.07437079885099696,-0.014014014014013476
2019-08-01,6M,6.0,-0.1,6.007258503771791,0.9313748128018561,1.8918918918918912,4.98998998998999,6.881881881881881,5.926597000557913,0.8713922565686715,1.9059059059059056,4.905905905905906,6.811811811811811,0.108134577113851,0.08066150321387777,-0.014014014014014364
2019-09-01,6M,6.0,-0.1,6.007228592737875,0.9488290636384192,1.8358358358358355,5.004004004004004,6.83983983983984,5.924706735351943,0.8756059772113484,1.84984984984985,4.91991991991992,6.76976976976977,0.13359076467671915,0.08252185738593187,-0.014014014014014364
2019-10-01,6M,6.0,-0.1,6.0032434459367385,0.8962033885371188,1.6676676676676676,5.13013013013013,6.797797797797798,5.9302308891318,0.8187995405825144,1.6396396396396398,5.074074074074074,6.713713713713714,0.1327478259672774,0.07301255680493846,0.02802802802802784
2019-11-01,6M,6.0,-0.1,6.001156537756827,0.8161145513862671,1.5695695695695688,5.242242242242242,6.811811811811811,5.940217054151841,0.7490687106476592,1.4994994994994997,5.2002002002002,6.6996996996997,0.10493902771306152,0.06093948360498569,0.07007007007006916
2019-12-01,6M,6.0,-0.1,6.000177528382658,0.6686185423841328,1.471471471471471,5.298298298298299,6.76976976976977,5.957293314406421,0.6422458121045428,1.443443443443444,5.256256256256256,6.6996996996997,0.03457107205405868,0.04288421397623754,0.028028028028026952
2020-01-01,6M,5.0,-0.1,5.005314649791336,0.6046585912354714,1.443443443443444,4.275275275275275,5.718718718718719,4.969165494792804,0.5982697457303249,1.443443443443443,4.233233233233233,5.676676676676676,0.007685323298637192,0.03614915499853133,8.881784197001252e-16
2020-02-01,6M,5.0,-0.1,5.005478743453208,0.5840599325786371,1.2892892892892895,4.35935935935936,5.648648648648649,4.972454798380746,0.5664606478021408,1.2752752752752752,4.331331331331331,5.606606606606606,0.020248339335341092,0.03302394507246209,0.014014014014014364
2020-03-01,6M,5.0,-0.1,5.041674482197699,0.949640706636198,2.186186186186186,3.910910910910911,6.097097097097097,4.957595446448667,0.8907316388659549,2.172172172172172,3.840840840840841,6.013013013013013,0.10841461922366791,0.0840790357490322,0.014014014014014364
2020-04-01,6M,5.0,-0.1,5.020339045068285,0.8248199779499124,1.611611611611612,4.191191191191191,5.802802802802803,4.958762415666462,0.7504800738591834,1.5835835835835832,4.1491491491491495,5.732732732732733,0.11710765476560858,0.061576629401822736,0.02802802802802873
2020-05-01,6M,4.0,-0.1,4.349059323950094,0.8608925954743423,2.0870870870870877,3.3813813813813813,5.468468468468469,4.2772616545708875,0.8350365337469011,1.8168168168168166,3.2912912912912913,5.108108108108108,0.043850048250509865,0.0717976693792064,0.27027027027027106
2020-06-01,6M,3.5,-0.1,3.5517880711712144,0.6895654124580018,1.4264264264264268,2.7807807807807805,4.207207207207207,3.507788179963204,0.6410323042775681,1.4114114114114118,2.7507507507507505,4.162162162162162,0.06457804293096553,0.0439998912080104,0.01501501501501501
2020-07-01,6M,3.5,-0.1,3.5446129618418594,0.6855897626661165,1.3513513513513513,2.810810810810811,4.162162162162162,3.501291858205924,0.6346302527834449,1.3663663663663668,2.7657657657657655,4.132132132132132,0.06727776492460275,0.043321103635935554,-0.015015015015015454
2020-08-01,6M,3.5,-0.1,3.5522226181711782,0.6677401609811847,1.4114114114114118,2.7807807807807805,4.192192192192192,3.510262674071613,0.6307341335087868,1.4114114114114118,2.7357357357357355,4.147147147147147,0.048051375414098485,0.04195994409956505,0.0
2020-09-01,6M,4.0,-0.1,4.01038968013933,0.6972085813529284,1.2762762762762763,3.3213213213213213,4.597597597597598,3.965671011271207,0.6438452266482043,1.2762762762762763,3.2762762762762763,4.5525525525525525,0.07156313003448533,0.0447186688681227,0.0
2020-10-01,6M,4.0,-0.1,4.011375534966585,0.7624774616655957,1.3213213213213213,3.2912912912912913,4.612612612612613,3.9593280028389923,0.6857098607032622,1.3063063063063063,3.2462462462462462,4.5525525525525525,0.11117386648232264,0.05204753212759261,0.01501501501501501
2020-11-01,6M,3.5,-0.1,3.5431720235425397,0.655777224740327,1.3513513513513513,2.810810810810811,4.162162162162162,3.503687052823161,0.6055693730440314,1.3513513513513518,2.7807807807807805,4.132132132132132,0.06332950291918399,0.03948497071937851,-4.440892098500626e-16
2020-12-01,6M,4.0,-0.1,4.003585449187075,0.7313852733809708,1.1711711711711712,3.3513513513513513,4.5225225225225225,3.95634272142524,0.6486099555452656,1.1561561561561562,3.3213213213213213,4.4774774774774775,0.11422954368612609,0.04724272776183547,0.01501501501501501
2021-01-01,6M,4.0,-0.1,4.006225799505682,0.7899366628434124,1.2912912912912913,3.2912912912912913,4.5825825825825826,3.9515851156028163,0.6952638043869099,1.2912912912912913,3.2462462462462462,4.5375375375375375,0.14060817361362754,0.05464068390286547,0.0
2021-02-01,6M,4.0,-0.1,4.011242315706079,0.7965556729772845,1.3813813813813813,3.2462462462462462,4.627627627627628,3.9552198750955907,0.707425272562202,1.3813813813813813,3.201201201201201,4.5825825825825826,0.1340504238925888,0.056022440610488555,0.0
2021-03-01,6M,4.0,-0.1,4.035153218702837,0.8512005391832704,1.7267267267267266,3.111111111111111,4.837837837837838,3.9697536952361174,0.7743575276667918,1.7267267267267266,3.051051051051051,4.777777777777778,0.12491277725166428,0.06539952346671996,0.0
2021-04-01,6M,5.0,-0.1,5.004535989022172,1.0116701884223185,1.9069069069069071,3.966966966966967,5.873873873873874,4.913271634161179,0.9101793756473846,1.9219219219219221,3.876876876876877,5.798798798798799,0.19505007428858667,0.09126435486099371,-0.01501501501501501
2021-05-01,6M,5.5,-0.1,5.4979488807884165,1.0361077275592345,1.9519519519519521,4.4324324324324325,6.384384384384385,5.401702342692583,0.9372689873761462,1.9669669669669672,4.342342342342342,6.3093093093093096,0.19504606841085437,0.0962465380958335,-0.01501501501501501
2021-06-01,6M,5.75,-0.1,5.74669522660465,1.0209030915635915,1.9969969969969972,4.672672672672673,6.66966966966967,5.651681015534303,0.9384753370680907,2.027027027027027,4.5675675675675675,6.594594594594595,0.1615071640790321,0.09501421107034691,-0.03003003003003002
2021-07-01,6M,6.5,-0.1,6.49662835093193,1.0249278442996992,2.0720720720720713,5.378378378378379,7.45045045045045,6.397968187611014,0.9685606157369101,2.0870870870870863,5.273273273273274,7.36036036036036,0.11236741966416597,0.09866016332091565,-0.01501501501501501
2021-08-01,6M,6.0,-0.1,6.000178434928399,0.9663089020588495,2.1471471471471473,4.867867867867868,7.015015015015015,5.910029062444547,0.936952209432547,2.1771771771771773,4.762762762762763,6.93993993993994,0.05587345143764788,0.09014937248385202,-0.03003003003003002
2021-09-01,6M,6.0,-0.1,6.000184990254884,0.8862851600586555,2.0720720720720722,4.942942942942943,7.015015015015015,5.923233507289303,0.86990654074637,2.0720720720720722,4.867867867867868,6.93993993993994,0.028763995306880896,0.07695148296558152,0.0
2021-10-01,6M,6.5,-0.1,6.499167488984039,0.9482616053444005,2.2222222222222214,5.348348348348349,7.57057057057057,6.4108195867608195,0.9341829206971448,2.2372372372372364,5.258258258258259,7.495495495495495,0.02650234284809172,0.08834790222321942,-0.01501501501501501
2021-11-01,6M,7.75,-0.1,7.742837481200122,1.0263625239214798,2.3123123123123115,6.54954954954955,8.861861861861861,7.6409723053149925,0.995758546386603,2.3123123123123133,6.444444444444445,8.756756756756758,0.061884947808509505,0.10186517588512967,-1.7763568394002505e-15
2021-12-01,6M,7.75,-0.1,7.737888646820814,1.1052630537912236,2.5525525525525534,6.414414414414415,8.966966966966968,7.618306976440321,1.0846678381038226,2.5675675675675684,6.2792792792792795,8.846846846846848,0.04510209905908069,0.11958167038049261,-0.01501501501501501
2022-01-01,6M,8.0,-0.1,7.9904875756785065,1.0948521506638786,2.6726726726726735,6.624624624624625,9.297297297297298,7.871987997361246,1.0837563893466342,2.6726726726726735,6.504504504504505,9.177177177177178,0.02417332036366715,0.11849957831726066,0.0
2022-02-01,6M,9.0,-0.1,8.988910533593808,1.2089408461288857,2.9429429429429437,7.465465465465465,10.408408408408409,8.844188733219427,1.1985830730261848,2.9579579579579587,7.315315315315315,10.273273273273274,0.024936586493933488,0.14472180037438065,-0.01501501501501501
2022-03-01,6M,8.75,-0.1,12.13513228805275,3.409679283796176,8.296296296296298,7.717717717717718,16.014014014014016,10.95821695822328,3.4130930918445315,8.1001001001001,7.2692692692692695,15.36936936936937,-0.023291635248058995,1.1769153298294697,0.19619619619619755
2022-04-01,6M,5.0,-0.1,5.831508988429237,1.7435971847315106,4.3243243243243255,3.972972972972973,8.297297297297298,5.555951795622247,1.5788776463048027,3.8378378378378377,3.864864864864865,7.702702702702703,0.5472765206026557,0.27555719280699,0.48648648648648773
2022-05-01,6M,4.0,-0.1,4.897829589035591,1.7775312875415035,4.378378378378379,3.2972972972972974,7.675675675675676,4.624189030003509,1.534330725324675,3.45945945945946,3.2432432432432434,6.7027027027027035,0.8054467035136117,0.2736405590320814,0.9189189189189189
2022-06-01,6M,3.0,-0.1,4.673948970204972,1.5729176186997567,3.540540540540541,3.2162162162162162,6.756756756756757,4.46435934598027,1.3463633006582074,3.1081081081081083,3.189189189189189,6.297297297297297,0.6613756978568501,0.2095896242247015,0.43243243243243246
2022-07-01,6M,3.0,-0.1,4.825937465936089,1.5230483247972755,3.4594594594594597,3.27027027027027,6.72972972972973,4.625575398190971,1.328044699042735,3.1351351351351355,3.2432432432432434,6.378378378378379,0.5559734770122786,0.2003620677451181,0.3243243243243241
2022-08-01,6M,3.0,-0.1,4.8645682386463935,1.7018892051290322,3.486486486486487,3.27027027027027,6.756756756756757,4.63085730877254,1.393178871979475,3.1081081081081083,3.2432432432432434,6.351351351351352,0.9554794972047262,0.23371092987385378,0.3783783783783785
2022-09-01,6M,3.0,-0.1,4.857453350460549,1.6719937280164558,3.4594594594594597,3.27027027027027,6.72972972972973,4.629870367549872,1.3805134772751038,3.1081081081081083,3.2432432432432434,6.351351351351352,0.8897455655881679,0.22758298291067725,0.3513513513513513
2022-10-01,6M,3.0,-0.1,4.775239189235185,1.7347319626815196,3.324324324324324,3.2432432432432434,6.5675675675675675,4.5441815433263555,1.359318139018899,2.9729729729729732,3.2162162162162162,6.1891891891891895,1.161549179283074,0.23105764590882938,0.35135135135135087
2022-11-01,6M,3.0,-0.1,4.592827459473326,1.3945472829814207,2.9729729729729724,3.2432432432432434,6.216216216216216,4.429247917632192,1.1887573777533225,2.7297297297297294,3.2162162162162162,5.945945945945946,0.5316180213079076,0.1635795418411341,0.24324324324324298
2022-12-01,6M,5.0,-0.1,5.419144776984951,1.4994266984574998,3.6216216216216215,3.6486486486486487,7.27027027027027,5.2127686566070235,1.382094664774658,3.4594594594594597,3.5405405405405403,7.0,0.3380947616485839,0.20637612037792774,0.16216216216216184
2023-01-01,6M,6.0,-0.1,6.165216572306753,1.641495435225733,3.9459459459459465,4.162162162162162,8.108108108108109,5.915200469305418,1.5293408425071173,3.8108108108108114,4.0,7.810810810810811,0.35562385130653906,0.25001610300133503,0.1351351351351351
2023-02-01,6M,6.0,-0.1,6.149119602587371,1.5560177279999323,3.8108108108108123,4.216216216216216,8.027027027027028,5.920502131773145,1.4735988976643526,3.7027027027027026,4.054054054054054,7.756756756756757,0.24969745865247672,0.22861747081422568,0.10810810810810967
2023-03-01,6M,6.5,-0.1,6.584790024531993,1.5670617482475133,3.8378378378378377,4.621621621621622,8.45945945945946,6.349824568003108,1.5033793200706664,3.783783783783784,4.405405405405405,8.18918918918919,0.19553314280441336,0.23496545652888567,0.0540540540540535
2023-04-01,6M,6.0,-0.1,6.086169059509398,1.3366731594340007,3.3243243243243246,4.405405405405405,7.72972972972973,5.912626083089867,1.2998297576951685,3.2972972972972965,4.243243243243244,7.54054054054054,0.09713773616139298,0.17354297641953131,0.027027027027028083
2023-05-01,6M,6.0,-0.1,6.059066911690027,1.241756280134369,3.0810810810810807,4.513513513513514,7.594594594594595,5.908544766517057,1.2132394984304053,3.0810810810810816,4.351351351351351,7.4324324324324325,0.07000857870148391,0.15052214517297013,-8.881784197001252e-16
2023-06-01,6M,6.0,-0.1,6.057809398760048,1.197215886995789,3.0,4.54054054054054,7.54054054054054,5.916938199916297,1.1774772854295736,2.9729729729729737,4.405405405405405,7.378378378378379,0.04687312237251584,0.140871198843751,0.027027027027026307
2023-07-01,6M,6.0,-0.1,6.100820402970932,1.4071676611544561,3.513513513513514,4.351351351351351,7.864864864864865,5.910404699765599,1.355107279376312,3.4324324324324325,4.1891891891891895,7.621621621621622,0.1438050879802324,0.19041570320533285,0.08108108108108159
2023-08-01,6M,6.0,-0.1,6.082154433131742,1.3533501983632348,3.3243243243243246,4.4324324324324325,7.756756756756757,5.906589506129443,1.3004704462527614,3.27027027027027,4.27027027027027,7.54054054054054,0.1403333778329503,0.17556492700229942,0.05405405405405439
2023-09-01,6M,7.5,-0.1,7.529510521273517,1.4275073638834506,3.4594594594594597,5.783783783783784,9.243243243243244,7.32998635246969,1.402172024925028,3.4594594594594605,5.5675675675675675,9.027027027027028,0.0716908864591248,0.19952416880382717,-8.881784197001252e-16
2023-10-01,6M,9.5,-0.1,9.503259898695497,1.211983068541149,2.8378378378378386,8.08108108108108,10.91891891891892,9.357509021085722,1.2069840087491417,2.864864864864865,7.918918918918919,10.783783783783784,0.012092561054271034,0.14575087760977468,-0.027027027027026307
2023-11-01,6M,10.0,-0.1,10.00637656153402,1.4750185784039287,3.5405405405405403,8.216216216216218,11.756756756756758,9.788859352338497,1.4793597708229753,3.5675675675675667,7.972972972972974,11.54054054054054,-0.012825524892659423,0.21751720919552398,-0.027027027027026307
2023-12-01,6M,9.0,-0.1,9.021459792038945,1.789657804972443,4.405405405405407,6.8108108108108105,11.216216216216218,8.704628912790065,1.7745224491993172,4.432432432432432,6.45945945945946,10.891891891891891,0.05394513618643915,0.3168308792488794,-0.02702702702702453
2024-01-01,6M,10.0,-0.1,10.0074152034117,1.6895668372264867,4.135135135135135,7.918918918918919,12.054054054054054,9.721645984691756,1.6951069161993366,4.1891891891891895,7.594594594594595,11.783783783783784,-0.01875135989131138,0.28576921871994365,-0.05405405405405439
2024-02-01,6M,9.5,-0.1,9.509566238563714,1.6825928967295702,4.135135135135136,7.4324324324324325,11.567567567567568,9.227367070620259,1.6806900882613602,4.135135135135135,7.135135135135135,11.27027027027027,0.006399683344827434,0.282199167943455,8.881784197001252e-16
2024-03-01,6M,10.5,-0.1,10.510131320104893,1.896632689720195,4.675675675675677,8.162162162162161,12.837837837837839,10.15044230776197,1.901264761865004,4.675675675675675,7.783783783783784,12.45945945945946,-0.017592134994328212,0.3596890123429226,1.7763568394002505e-15
2024-04-01,6M,11.5,-0.1,11.507898221521241,2.09333872566591,5.135135135135135,8.945945945945947,14.081081081081082,11.072058296702247,2.0888864841555175,5.162162162162163,8.45945945945946,13.621621621621623,0.018620276684977455,0.43583992481899436,-0.027027027027028083
2024-05-01,6M,11.5,-0.1,11.512800768229045,2.243703301442356,5.45945945945946,8.783783783783784,14.243243243243244,11.014692054199404,2.228758977390686,5.486486486486486,8.243243243243244,13.72972972972973,0.06683792560374968,0.49810871402964096,-0.027027027027026307
2024-06-01,6M,13.5,-0.1,13.506117145637333,2.323978456229402,5.648648648648646,10.675675675675677,16.324324324324323,12.96581525687752,2.33638336716215,5.7027027027027035,10.08108108108108,15.783783783783784,-0.057811373333551686,0.5403018887598137,-0.05405405405405794
2024-07-01,6M,15.0,-0.1,15.006183842620999,2.4599738101252266,5.945945945945947,12.027027027027028,17.972972972972975,14.39418752378532,2.503496541750459,6.02702702702703,11.324324324324325,17.351351351351354,-0.21602378805448286,0.6119963188356792,-0.08108108108108247
2024-08-01,6M,18.0,-0.1,17.99965239253664,2.484112209433655,6.027027027027026,14.972972972972974,21.0,17.369517266121427,2.552303005666706,6.162162162162163,14.243243243243244,20.405405405405407,-0.3434371636779465,0.6301351264152117,-0.13513513513513686
2024-09-01,6M,20.0,-0.1,19.99409080303288,2.366247965722073,5.72972972972973,17.135135135135137,22.864864864864867,19.422744430323412,2.4301761857596995,5.8108108108108105,16.486486486486488,22.2972972972973,-0.3066268585497145,0.571346372709467,-0.0810810810810807
2024-10-01,6M,19.0,-0.1,18.995332020922326,2.357339399233254,5.675675675675677,16.16216216216216,21.83783783783784,18.424688489010784,2.438447331408619,5.783783783783782,15.486486486486488,21.27027027027027,-0.38897634487641675,0.5706435319115428,-0.10810810810810523
2024-11-01,6M,20.0,-0.1,19.267446089925713,3.8312039250991283,8.912912912912912,14.477477477477478,23.39039039039039,17.645447406482678,4.255456961783024,10.51051051051051,11.576576576576578,22.087087087087088,-3.430790437892634,1.621998683443035,-1.5975975975975985
2024-12-01,6M,17.0,-0.1,17.034632382631436,2.9963112550169293,7.167167167167168,13.408408408408409,20.575575575575577,16.13478747947677,3.033559547607381,7.407407407407408,12.327327327327328,19.734734734734737,-0.22460239193877207,0.8998449031546656,-0.24024024024024015
2025-01-01,6M,15.0,-0.1,15.028541650050464,2.906770761846899,7.007007007007008,11.526526526526528,18.533533533533536,14.209485086127678,2.841524304954928,7.007007007007006,10.645645645645645,17.65265265265265,0.3750558862784157,0.8190565639227856,1.7763568394002505e-15
2025-02-01,6M,15.0,-0.1,15.026945326662972,2.9116694925347306,7.20720720720721,11.406406406406406,18.613613613613616,14.182453174097809,2.9112978784646253,7.3273273273273265,10.445445445445445,17.772772772772772,0.002163896604827187,0.844492152565163,-0.12012012012011652
2025-03-01,6M,17.0,-0.1,17.006176744290077,2.8740460626553794,7.127127127127128,13.448448448448449,20.575575575575577,16.179051017664502,2.890194667165514,7.207207207207208,12.527527527527528,19.734734734734737,-0.09308444384708814,0.8271257266255745,-0.08008008008008005
2025-04-01,6M,16.0,-0.1,16.015721545327814,2.9638975138607555,7.367367367367368,12.327327327327328,19.694694694694697,15.133634301833327,2.9867000515839957,7.48748748748749,11.326326326326326,18.813813813813816,-0.13568872546187727,0.8820872434944871,-0.12012012012012185
2025-05-01,6M,17.0,-0.1,17.00732543666042,2.992876293731546,7.447447447447448,13.288288288288289,20.735735735735737,16.11480548818782,2.9953351502124903,7.487487487487488,12.327327327327328,19.814814814814817,-0.014724152518207134,0.8925199484726001,-0.040040040040040026
2025-06-01,6M,16.0,-0.1,16.009882953225564,2.8453108580094164,7.047047047047048,12.487487487487488,19.534534534534536,15.200060978961202,2.856361131978737,7.167167167167168,11.566566566566568,18.733733733733736,-0.06300503757257125,0.8098219742643611,-0.12012012012012008
2025-07-01,6M,12.0,-0.1,12.051719926457661,2.5359080195841033,6.366366366366366,8.883883883883884,15.25025025025025,11.426090735947312,2.4717860703284993,6.286286286286286,8.243243243243244,14.52952952952953,0.3211031063209653,0.6256291905103488,0.08008008008008005
2025-08-01,6M,10.0,-0.1,10.04818270740133,1.8769311543776674,4.724724724724726,7.682682682682683,12.407407407407408,9.704108010093892,1.8354611034636403,4.644644644644646,7.362362362362362,12.007007007007008,0.15395309594551865,0.34407469730743756,0.08008008008008005
2025-09-01,6M,10.0,-0.1,10.068501594017505,2.013139132044971,5.045045045045046,7.5625625625625625,12.607607607607608,9.676625781990149,1.9495879975641721,4.924924924924926,7.202202202202202,12.127127127127128,0.2518358047245024,0.3918758120273562,0.12012012012012008
2025-10-01,6M,11.0,-0.1,11.057704641916686,2.222759046602275,5.525525525525525,8.283283283283284,13.80880880880881,10.577795358917538,2.1639989440569654,5.485485485485486,7.802802802802803,13.288288288288289,0.25776634937259324,0.4799092829991487,0.04004004004003914
2025-11-01,6M,9.0,-0.1,9.15198521883728,1.9214929549059363,4.884884884884886,6.721721721721722,11.606606606606608,8.79930074918544,1.8379659200982625,4.724724724724725,6.441441441441441,11.166166166166166,0.314016452310494,0.35268446965184097,0.160160160160161
2025-12-01,6M,8.0,-0.1,8.135724308808518,1.4739394094833933,3.723723723723724,6.281281281281281,10.005005005005005,7.926781686203603,1.4195994134237782,3.603603603603604,6.121121121121121,9.724724724724725,0.1572348882351191,0.2089426226049147,0.12012012012012008
2026-01-01,6M,9.0,-0.1,9.038889458196339,1.5023370029625578,3.7237237237237233,7.162162162162162,10.885885885885886,8.81902019855999,1.4661141146663013,3.6836836836836833,6.961961961961962,10.645645645645645,0.1075258732467681,0.21986925963634896,0.040040040040040026
2026-02-01,6M,9.0,-0.1,9.069042260551104,1.6716682254421131,4.204204204204204,6.961961961961962,11.166166166166166,8.798027973135158,1.6230086389016556,4.1241241241241235,6.721721721721722,10.845845845845846,0.1603176140033784,0.27101428741594624,0.08008008008008005
2026-03-01,6M,10.0,-0.1,10.053458577255096,1.8610620565430656,4.644644644644646,7.722722722722723,12.367367367367368,9.715103289727203,1.8209107791607646,4.644644644644646,7.362362362362362,12.007007007007008,0.1478359126404425,0.338355287527893,0.0
2019-03-01,1Y,3.0,-0.1,4.062891480830297,0.7744875822486539,1.8638638638638634,3.1821821821821823,5.046046046046046,4.007064359683381,0.7246381173798957,1.8078078078078077,3.168168168168168,4.975975975975976,0.07473061389748592,0.05582712114691635,0.05605605605605568
2019-04-01,1Y,5.0,-0.1,5.182502332227895,1.2165999892051214,2.8028028028028027,3.756756756756757,6.55955955955956,5.046489726289596,1.1235841833324238,2.732732732732732,3.6586586586586587,6.391391391391391,0.2176741166991114,0.13601260593829956,0.07007007007007049
2019-05-01,1Y,5.0,-0.1,5.234291991662702,1.1742937285967332,2.816816816816816,3.784784784784785,6.601601601601601,5.1043180766585845,1.1108088487272147,2.7747747747747744,3.6866866866866865,6.461461461461461,0.1450694626109379,0.12997391500411748,0.04204204204204176
2019-06-01,1Y,5.0,-0.1,5.190633708370108,1.223160948435356,2.6766766766766765,3.798798798798799,6.475475475475475,5.056017611087315,1.1081203048081778,2.6206206206206204,3.7007007007007005,6.321321321321321,0.26819209584911086,0.13461609728279367,0.056056056056056125
2019-07-01,1Y,5.0,-0.1,5.186239401760336,1.1683331647959,2.522522522522523,3.840840840840841,6.363363363363364,5.063717344361434,1.0569904653879265,2.4804804804804803,3.756756756756757,6.237237237237237,0.24777354004101837,0.12252205739890165,0.04204204204204265
2019-08-01,1Y,5.0,-0.1,5.217190139060784,1.194311819612199,2.5925925925925926,3.826826826826827,6.41941941941942,5.089583253629381,1.078047755304535,2.564564564564565,3.7287287287287287,6.293293293293294,0.26419375974825554,0.12760688543140297,0.028028028028027396
2019-09-01,1Y,5.0,-0.1,5.1861720195916075,1.1796211979077396,2.4804804804804803,3.854854854854855,6.335335335335335,5.062754393822104,1.0551712722191384,2.438438438438439,3.7707707707707705,6.2092092092092095,0.27811975683673507,0.12341762576950366,0.04204204204204132
2019-10-01,1Y,5.0,-0.1,5.141245520760355,1.117241965429068,2.2702702702702706,3.938938938938939,6.2092092092092095,5.030897457931444,0.9951115642281015,2.228228228228228,3.854854854854855,6.083083083083083,0.2579825840553074,0.11034806282891108,0.04204204204204265
2019-11-01,1Y,5.0,-0.1,5.100661083959021,1.0301629763338185,2.1161161161161157,3.994994994994995,6.111111111111111,5.0051181779981295,0.9328063941631831,2.0740740740740744,3.924924924924925,5.998998998998999,0.1911079888172318,0.09554290596089121,0.04204204204204132
2019-12-01,1Y,5.0,-0.1,5.050980722372057,0.9110947923716213,2.116116116116116,3.980980980980981,6.097097097097097,4.971774791765941,0.8711953079150627,2.0880880880880883,3.910910910910911,5.998998998998999,0.07111245615346673,0.07920593060611658,0.02802802802802784
2020-01-01,1Y,4.0,-0.1,4.223045608728973,0.7675162253251427,1.8358358358358355,3.3223223223223224,5.158158158158158,4.167038651040305,0.7307323630442267,1.7937937937937938,3.294294294294294,5.088088088088088,0.0551113697371558,0.056006957688667924,0.04204204204204176
2020-02-01,1Y,4.0,-0.1,4.209285933833589,0.7331366076797947,1.6676676676676676,3.3643643643643646,5.032032032032032,4.159242109337659,0.6849960320147749,1.6396396396396393,3.3363363363363363,4.975975975975976,0.06826972164425066,0.05004382449592981,0.028028028028028285
2020-03-01,1Y,3.0,-0.1,4.014721413759792,0.8616049592146772,1.8358358358358364,3.168168168168168,5.004004004004004,3.9504766487050342,0.7533898850269944,1.7517517517517516,3.154154154154154,4.905905905905906,0.1747667868823376,0.06424476505475818,0.08408408408408485
2020-04-01,1Y,4.0,-0.1,4.3251590470573,1.0393786073062337,1.9339339339339339,3.3363363363363363,5.27027027027027,4.235134010042438,0.8728121350942963,1.8638638638638638,3.3083083083083085,5.172172172172172,0.3185068661579815,0.0900250370148612,0.07007007007007005
2020-05-01,1Y,3.0,-0.1,3.622529796107975,1.239449485100868,2.8528528528528527,2.225225225225225,5.078078078078078,3.4767234332885173,1.1770730471497206,2.8378378378378377,2.195195195195195,5.033033033033033,0.15073406779047827,0.1458063628194579,0.01501501501501501
2020-06-01,1Y,3.0,-0.1,3.3285448216361258,1.0111364601060584,1.831831831831832,2.3753753753753752,4.207207207207207,3.24307339667922,0.8509628173995107,1.756756756756757,2.3453453453453452,4.102102102102102,0.29825922435929764,0.08547142495690574,0.07507507507507505
2020-07-01,1Y,3.0,-0.1,3.3155266891576707,0.9943666988190067,1.786786786786787,2.3903903903903903,4.177177177177177,3.2324554306061613,0.8406499271196767,1.726726726726727,2.3453453453453452,4.072072072072072,0.28207283175389153,0.08307125855150943,0.06006006006006004
2020-08-01,1Y,3.5,-0.1,3.655302333530981,1.1059915608078466,2.2972972972972974,2.5555555555555554,4.852852852852853,3.550254594005535,0.9552180355974204,2.027027027027027,2.5105105105105103,4.5375375375375375,0.3107758370475818,0.1050477395254461,0.2702702702702702
2020-09-01,1Y,3.5,-0.1,3.653975953564971,0.9722546448573597,1.861861861861862,2.6606606606606604,4.5225225225225225,3.5718864800700265,0.8499874331002921,1.801801801801802,2.6156156156156154,4.4174174174174174,0.22280045801828696,0.08208947349494444,0.06006006006006004
2020-10-01,1Y,3.5,-0.1,3.651080805411173,1.030570501994738,1.846846846846847,2.6456456456456454,4.4924924924924925,3.5619257144999676,0.8719806583949364,1.816816816816817,2.5855855855855854,4.402402402402402,0.30172529096681955,0.08915509091120555,0.03003003003003002
2020-11-01,1Y,3.5,-0.1,3.6503503821911036,1.0517842067808136,1.786786786786787,2.6756756756756754,4.4624624624624625,3.5581982261629155,0.8816378472519303,1.756756756756757,2.6156156156156154,4.372372372372372,0.3289647239265272,0.09215215602818816,0.03003003003003002
2020-12-01,1Y,3.5,-0.1,3.609752767329239,1.044021172718948,1.756756756756757,2.6006006006006004,4.357357357357357,3.5186233428838,0.8777968093964857,1.726726726726727,2.5555555555555554,4.282282282282282,0.31945297049879684,0.09112942444543926,0.03003003003003002
2021-01-01,1Y,3.5,-0.1,3.626080005532452,1.083251700069503,1.891891891891892,2.5405405405405403,4.4324324324324325,3.5293410441658333,0.9002301859433592,1.861861861861862,2.4954954954954953,4.357357357357357,0.36301985801985337,0.09673896136661853,0.03003003003003002
2021-02-01,1Y,4.0,-0.1,4.068484823932055,1.1993613396007325,2.0420420420420418,2.945945945945946,4.987987987987988,3.949764491996515,0.9974913599787443,2.0120120120120117,2.855855855855856,4.867867867867868,0.4434786096966188,0.11872033193553966,0.03003003003003002
2021-03-01,1Y,4.25,-0.1,4.35895464150614,1.261238140966181,2.327327327327328,3.081081081081081,5.408408408408409,4.225264967482644,1.0713306442142216,2.312312312312313,2.975975975975976,5.288288288288289,0.4429722989953695,0.13368967402349607,0.01501501501501501
2021-04-01,1Y,4.75,-0.1,4.808402669388177,1.3815121452297399,2.642642642642643,3.3663663663663663,6.009009009009009,4.645248779516744,1.1941583313080486,2.612612612612613,3.2312312312312312,5.843843843843844,0.48256168718485437,0.16315388987143287,0.03003003003003002
2021-05-01,1Y,4.75,-0.1,4.807897144689841,1.3380513160572303,2.732732732732733,3.3213213213213213,6.054054054054054,4.650211475816642,1.1919829456029758,2.732732732732733,3.171171171171171,5.903903903903904,0.3695579817941397,0.15768566887319935,0.0
2021-06-01,1Y,2.0,-0.1,3.333519492907236,0.8419061154504849,2.012012012012012,2.33033033033033,4.342342342342342,3.2689635217188378,0.774538592408743,1.9819819819819822,2.285285285285285,4.267267267267267,0.10889587610240814,0.06455597118839806,0.03003003003003002
2021-07-01,1Y,5.5,-0.1,5.529588590420887,1.3944006201646313,3.063063063063063,3.906906906906907,6.96996996996997,5.349328574501095,1.3021588864236326,3.063063063063063,3.726726726726727,6.78978978978979,0.24873532402347331,0.18026001591979224,0.0
2021-08-01,1Y,5.0,-0.1,5.057583762353849,1.3227076185484399,3.0030030030030033,3.4864864864864864,6.48948948948949,4.894764082272718,1.238264622925584,2.9729729729729732,3.3363363363363363,6.3093093093093096,0.21625616777704604,0.1628196800811308,0.03003003003003002
2021-09-01,1Y,4.5,-0.1,4.5738100722237345,1.1486551422696736,2.792792792792793,3.156156156156156,5.948948948948949,4.447013782714909,1.1063693176125642,2.762762762762763,3.051051051051051,5.813813813813814,0.09535556890807295,0.1267962895088255,0.03003003003003002
2021-10-01,1Y,2.0,-0.1,2.9990093383751484,0.7451040449561699,1.891891891891892,2.15015015015015,4.042042042042042,2.945357903226411,0.7198660553219025,1.816816816816817,2.135135135135135,3.951951951951952,0.03697290020532962,0.05365143514873738,0.07507507507507505
2021-11-01,1Y,2.0,-0.1,2.873712995250893,0.7574830618489332,1.861861861861862,2.12012012012012,3.981981981981982,2.8190840931164827,0.720861872606174,1.756756756756757,2.105105105105105,3.861861861861862,0.054138749610755044,0.054628902134410406,0.10510510510510507
2021-12-01,1Y,2.0,-0.1,2.7326480707858023,0.7800310032049829,1.9069069069069071,2.09009009009009,3.996996996996997,2.676039552459135,0.7250800854714315,1.696696696696697,2.075075075075075,3.771771771771772,0.0827072356137134,0.056608518326667134,0.21021021021021014
2022-01-01,1Y,4.75,-0.1,4.787574626219279,1.2295172497311582,3.1981981981981984,3.156156156156156,6.354354354354355,4.638943703083951,1.208876579421102,3.1381381381381384,3.021021021021021,6.1591591591591595,0.05033008311360687,0.148630923135328,0.06006006006006004
2022-02-01,1Y,5.5,-0.1,5.575413598783219,1.3416163264764507,3.453453453453453,3.876876876876877,7.33033033033033,5.397132645551442,1.3292531273734878,3.453453453453453,3.666666666666667,7.12012012012012,0.03302049083596881,0.17828095323177706,0.0
2022-03-01,1Y,7.75,-0.1,11.823064307960752,3.730619670335952,8.800800800800804,7.213213213213213,16.014014014014016,10.412713164136852,3.7268592121066204,9.473473473473474,5.83983983983984,15.313313313313314,0.02804353783354685,1.4103511438239007,-0.67267267267267
2022-04-01,1Y,4.0,-0.1,5.458779757308536,1.7828420655711317,4.405405405405405,3.4324324324324325,7.837837837837838,5.16959048692791,1.6222722868152712,4.0,3.3513513513513513,7.351351351351352,0.54675845820109,0.2891892703806258,0.40540540540540526
2022-05-01,1Y,3.0,-0.1,4.988413639485936,1.8931299180367964,4.054054054054054,3.27027027027027,7.324324324324325,4.6905163609689815,1.5770656311058018,3.432432432432433,3.2162162162162162,6.648648648648649,1.0968048817508667,0.29789727851695424,0.6216216216216215
2022-06-01,1Y,3.0,-0.1,5.307424254739241,2.1913456937865314,4.486486486486487,3.3243243243243246,7.810810810810811,4.9267724143517695,1.7471244315019332,3.783783783783784,3.27027027027027,7.054054054054054,1.749552170525822,0.3806518403874719,0.7027027027027026
2022-07-01,1Y,3.0,-0.1,5.441293703003817,2.299236334121673,4.675675675675677,3.3513513513513513,8.027027027027028,5.027047171273584,1.814468120326581,3.9729729729729737,3.27027027027027,7.243243243243244,1.9941931604637952,0.4142465317302326,0.7027027027027035
2022-08-01,1Y,3.0,-0.1,5.488956307062841,2.4689336106796724,4.864864864864865,3.3243243243243246,8.18918918918919,5.024222473511141,1.89239904570625,3.9729729729729737,3.27027027027027,7.243243243243244,2.5144590257538377,0.4647338335516995,0.8918918918918912
2022-09-01,1Y,3.0,-0.1,5.473649978021915,2.4334225981914916,4.8108108108108105,3.3243243243243246,8.135135135135135,5.020289800152915,1.8739136654618573,3.9729729729729737,3.27027027027027,7.243243243243244,2.4099931157843346,0.4533601778690004,0.8378378378378368
2022-10-01,1Y,3.0,-0.1,5.3128149543822865,2.308782413338976,4.4324324324324325,3.2972972972972974,7.72972972972973,4.904122937828531,1.7799659263145575,3.702702702702702,3.2432432432432434,6.945945945945946,2.1621975333025043,0.4086920165537551,0.7297297297297303
2022-11-01,1Y,3.0,-0.1,5.1339587935800255,2.1706806767186695,4.027027027027027,3.2972972972972974,7.324324324324325,4.785079544006226,1.6353320389611103,3.45945945945946,3.2432432432432434,6.7027027027027035,2.037543722627119,0.3488792495737991,0.5675675675675671
2022-12-01,1Y,3.0,-0.1,4.85065555765802,1.621924382774971,3.486486486486487,3.27027027027027,6.756756756756757,4.630897961200416,1.3698754664871624,3.1351351351351355,3.2432432432432434,6.378378378378379,0.7540799097565498,0.21975759645760373,0.3513513513513513
2023-01-01,1Y,3.0,-0.1,4.7979076613260405,1.4958262671323503,3.378378378378379,3.27027027027027,6.648648648648649,4.6028038026877525,1.3120708690080503,3.054054054054054,3.2432432432432434,6.297297297297297,0.5159662561435614,0.19510385863828805,0.324324324324325
2023-02-01,1Y,4.0,-0.1,5.1793022035330125,1.619963870862047,3.8108108108108114,3.4054054054054053,7.216216216216217,4.945848909312174,1.4478096824227094,3.4864864864864873,3.3513513513513513,6.837837837837839,0.5281300663814004,0.23345329422083871,0.3243243243243241
2023-03-01,1Y,5.0,-0.1,5.689762177545192,1.7539990399285301,4.297297297297297,3.621621621621622,7.918918918918919,5.409578427984112,1.601725807480557,4.0,3.5135135135135136,7.513513513513514,0.5109870697209637,0.28018374956107994,0.29729729729729737
2023-04-01,1Y,5.0,-0.1,5.544381660994789,1.626219257312883,4.0,3.621621621621622,7.621621621621622,5.301118679069479,1.4987744069811046,3.7567567567567566,3.5135135135135136,7.27027027027027,0.3982643498337035,0.24326298192531048,0.24324324324324342
2023-05-01,1Y,5.0,-0.1,5.457419239120461,1.5566169600416833,3.8378378378378377,3.621621621621622,7.45945945945946,5.2335251199774975,1.4405154135164377,3.5945945945945947,3.5405405405405403,7.135135135135135,0.34797170371097774,0.22389411914296353,0.24324324324324298
2023-06-01,1Y,5.0,-0.1,5.437325321912251,1.4803804078281875,3.702702702702703,3.6486486486486487,7.351351351351352,5.2319521760828,1.3886637387529503,3.513513513513514,3.5405405405405403,7.054054054054054,0.26313917255422825,0.20537314582945143,0.18918918918918903
2023-07-01,1Y,4.0,-0.1,4.955089137656731,1.4537778632098808,3.432432432432432,3.3783783783783785,6.8108108108108105,4.763899053647776,1.3184097220561548,3.1621621621621623,3.3243243243243246,6.486486486486487,0.37526588034689956,0.1911900840089551,0.27027027027026973
2023-08-01,1Y,4.0,-0.1,4.780481579235234,1.3752291530184964,3.1621621621621623,3.3243243243243246,6.486486486486487,4.6124813951770465,1.2281263033289918,2.891891891891892,3.2972972972972974,6.1891891891891895,0.38296100638343655,0.1680001840581875,0.2702702702702702
2023-09-01,1Y,3.0,-0.1,4.336803633105733,1.1558066000407732,2.540540540540541,3.189189189189189,5.72972972972973,4.217808702848564,1.0341882356527656,2.324324324324325,3.189189189189189,5.513513513513514,0.26634358993523155,0.1189949302571689,0.21621621621621578
2023-10-01,1Y,6.0,-0.1,6.071101062578323,1.3413166951195945,3.1891891891891895,4.486486486486487,7.675675675675676,5.901181854730351,1.2720748402691533,3.135135135135135,4.324324324324325,7.45945945945946,0.18095607736075925,0.16991920784797188,0.05405405405405439
2023-11-01,1Y,6.0,-0.1,6.22663629563752,1.7059497903821474,4.189189189189189,4.162162162162162,8.35135135135135,5.956573839131322,1.5889925304357893,4.000000000000001,3.972972972972973,7.972972972972974,0.3853674255241599,0.27006245650619753,0.1891891891891877
2023-12-01,1Y,4.0,-0.1,5.290857261463846,1.7611586668734613,4.135135135135135,3.4054054054054053,7.54054054054054,5.016989640745291,1.5594479189450168,3.72972972972973,3.3243243243243246,7.054054054054054,0.6698020380015643,0.27386762071855486,0.40540540540540526
2024-01-01,1Y,4.0,-0.1,5.301054091451042,1.7295702760140237,4.135135135135135,3.4054054054054053,7.54054054054054,5.033753801942351,1.5484385706947073,3.7297297297297303,3.3513513513513513,7.081081081081082,0.5937513324561579,0.26730028950869134,0.4054054054054048
2024-02-01,1Y,4.0,-0.1,5.382307133724631,1.8114367463525638,4.297297297297297,3.4324324324324325,7.72972972972973,5.091615572133546,1.6083292848557276,3.8648648648648654,3.3513513513513513,7.216216216216217,0.6945799975118265,0.29069156159108545,0.432432432432432
2024-03-01,1Y,5.0,-0.1,6.096960396830051,2.1904549235575876,5.297297297297298,3.6486486486486487,8.945945945945947,5.67463388251814,1.9323059099419715,4.72972972972973,3.5135135135135136,8.243243243243244,1.0642866425410067,0.4223265143119104,0.5675675675675684
2024-04-01,1Y,6.0,-0.1,6.889652384790529,2.5329760094865725,6.27027027027027,3.918918918918919,10.18918918918919,6.322650738616583,2.2425190018140677,5.594594594594596,3.7027027027027026,9.297297297297298,1.3870759911373582,0.5670016461739458,0.6756756756756745
2024-05-01,1Y,6.0,-0.1,6.89801301501006,2.550160362748034,6.243243243243244,3.945945945945946,10.18918918918919,6.326947719104736,2.24481667286036,5.594594594594596,3.7027027027027026,9.297297297297298,1.4641159809793258,0.5710652959053233,0.6486486486486482
2024-06-01,1Y,8.5,-0.1,8.824277796941312,2.8627599907992893,7.162162162162163,5.27027027027027,12.432432432432433,8.068119246437183,2.6477821009507125,6.810810810810812,4.675675675675675,11.486486486486488,1.184644710806178,0.7561585505041286,0.35135135135135087
2024-07-01,1Y,12.0,-0.1,12.064880084547337,3.0138153023450243,7.405405405405407,8.35135135135135,15.756756756756758,11.179066928899532,2.952685122396562,7.432432432432433,7.378378378378379,14.810810810810812,0.36473324462702905,0.8858131556478046,-0.027027027027026307
2024-08-01,1Y,15.5,-0.1,15.509133370630092,3.279908068016314,8.08108108108108,11.45945945945946,19.54054054054054,14.432653002932355,3.299974356059906,8.18918918918919,10.27027027027027,18.45945945945946,-0.13203381601448427,1.0764803676977373,-0.10810810810810878
2024-09-01,1Y,17.0,-0.1,16.99763951926542,3.1802252316397417,7.783783783783782,13.108108108108109,20.89189189189189,15.973049943378314,3.2421418118028553,7.972972972972972,11.91891891891892,19.89189189189189,-0.3976510038822525,1.0245895758871058,-0.18918918918918948
2024-10-01,1Y,15.5,-0.1,15.50857433310145,3.176439996317563,7.756756756756756,11.621621621621623,19.37837837837838,14.493950971620501,3.214392349678374,7.891891891891895,10.45945945945946,18.351351351351354,-0.24254712746493645,1.0146233614809486,-0.13513513513513864
2024-11-01,1Y,14.5,-0.1,16.323903036693803,4.78502315561598,11.267267267267268,11.366366366366368,22.633633633633636,14.387549355456537,4.064331258894623,10.006006006006007,9.558558558558559,19.564564564564566,6.377658017753163,1.9363536812372661,1.2612612612612608
2024-12-01,1Y,13.0,-0.1,13.232494270638758,3.6065924425757165,8.808808808808807,8.843843843843844,17.65265265265265,12.05715731161687,3.2895970382517037,8.408408408408409,7.802802802802803,16.21121121121121,2.1860603727698926,1.1753369590218892,0.4004004004003985
2025-01-01,1Y,11.0,-0.1,11.477046965069738,3.4453960583406134,8.328328328328329,7.362362362362362,15.69069069069069,10.448952770142004,3.0142006787968407,7.647647647647648,6.681681681681682,14.32932932932933,2.7853482667697005,1.0280941949277338,0.6806806806806813
2025-02-01,1Y,12.0,-0.1,12.434614303507622,3.7093497636832446,9.20920920920921,7.882882882882883,17.09209209209209,11.208267916590849,3.325727949168437,8.568568568568569,6.961961961961962,15.53053053053053,2.6988092774568457,1.2263463869167737,0.6406406406406404
2025-03-01,1Y,13.0,-0.1,13.290245135201472,3.791419012304199,9.489489489489491,8.563563563563564,18.053053053053056,11.979098543905517,3.4735274375852776,8.96896896896897,7.4824824824824825,16.45145145145145,2.309465267204004,1.3111465912959552,0.5205205205205221
2025-04-01,1Y,12.0,-0.1,12.468228409776135,3.7739827489234408,9.44944944944945,7.802802802802803,17.25225225225225,11.194442246270645,3.387957900547475,8.72872872872873,6.881881881881882,15.61061061061061,2.764687053289677,1.2737861635054895,0.7207207207207205
2025-05-01,1Y,13.0,-0.1,13.343053466334649,3.895979563634072,9.769769769769772,8.483483483483484,18.253253253253256,11.963378739011418,3.5551319961738153,9.20920920920921,7.362362362362362,16.57157157157157,2.5396932500355156,1.3796747273232306,0.5605605605605621
2025-06-01,1Y,12.0,-0.1,12.420889810181635,3.664008497624779,9.20920920920921,7.842842842842843,17.05205205205205,11.206682299071769,3.3240245115013707,8.568568568568569,6.961961961961962,15.53053053053053,2.375819317604666,1.2142075111098656,0.6406406406406404
2025-07-01,1Y,8.0,-0.1,9.198895416262836,2.9071373142247037,6.966966966966968,5.920920920920921,12.887887887887889,8.488754315519703,2.4586763168093704,6.0460460460460475,5.68068068068068,11.726726726726728,2.4063581329183314,0.7101411007431331,0.9209209209209206
2025-08-01,1Y,6.0,-0.1,7.661296603257815,2.2247566805632855,4.884884884884885,5.44044044044044,10.325325325325325,7.2599760674541916,1.8270664038759608,4.2442442442442445,5.36036036036036,9.604604604604605,1.6113706435387325,0.4013205358036238,0.6406406406406404
2025-09-01,1Y,5.0,-0.1,7.2529264228332595,2.000723346152997,4.324324324324325,5.32032032032032,9.644644644644645,6.928243617945998,1.6446693554814003,3.723723723723724,5.28028028028028,9.004004004004004,1.2979566189820422,0.32468280488726187,0.6006006006006004
2025-10-01,1Y,6.0,-0.1,7.680602532884601,2.188946076820123,4.844844844844845,5.48048048048048,10.325325325325325,7.288297469168834,1.8154329317109157,4.2842842842842845,5.36036036036036,9.644644644644645,1.495688197685718,0.39230506371576723,0.5605605605605604
2025-11-01,1Y,6.0,-0.1,7.44126180184441,2.0184215895901865,4.404404404404405,5.44044044044044,9.844844844844845,7.10824797850119,1.6754122484800922,3.8838838838838843,5.36036036036036,9.244244244244245,1.2670195109666569,0.3330138233432205,0.5205205205205203
2025-12-01,1Y,6.0,-0.1,6.924508318265339,1.5730113216205133,3.363363363363364,5.36036036036036,8.723723723723724,6.720693574228414,1.324421056594272,3.0830830830830838,5.32032032032032,8.403403403403404,0.720273482796026,0.2038147440369249,0.2802802802802802
2026-01-01,1Y,6.0,-0.1,6.8905421392906385,1.50277413550699,3.283283283283284,5.36036036036036,8.643643643643644,6.69989585643329,1.2910806514979312,3.0030030030030037,5.32032032032032,8.323323323323324,0.5914408536764588,0.1906462828573483,0.2802802802802802
2026-02-01,1Y,7.0,-0.1,7.79509955213288,1.9880323688904507,4.604604604604605,5.64064064064064,10.245245245245245,7.455253451882486,1.7246516088624961,4.1641641641641645,5.52052052052052,9.684684684684685,0.9778495278041812,0.3398461002503943,0.4404404404404403
2026-03-01,1Y,9.0,-0.1,9.446222860725381,2.442691512567071,5.725725725725727,6.601601601601601,12.327327327327328,8.924082328528257,2.159487852046049,5.405405405405407,6.241241241241241,11.646646646646648,1.303354042432745,0.522140532197124,0.3203203203203202
