Date,Key_Rate,RV_std_3M,RV_abs_3M,HAR_RV_fitted,MPU_rv_std,MPU_rv_har,MPU_rv_std_norm,MPU_rv_har_norm
2019-09-01,7.0,0.14433756729740646,0.16666666666666666,0.7756495814189485,0.14433756729740646,0.7756495814189485,-0.5839986573308871,-0.028513758514214997
2019-10-01,6.5,0.25,0.25,0.765998767854749,0.25,0.765998767854749,-0.5270968496714283,-0.04719600711495694
2019-11-01,6.5,0.25,0.25,0.7784019314580416,0.25,0.7784019314580416,-0.5270968496714283,-0.023185701213704415
2019-12-01,6.25,0.25,0.25,0.7579550063227503,0.25,0.7579550063227503,-0.5270968496714283,-0.06276729047114407
2021-01-01,4.25,1.0897247358851685,0.75,0.7681784688903959,1.0897247358851685,0.7681784688903959,-0.07488451472814216,-0.04297649584242435
2021-02-01,4.25,1.0897247358851685,0.75,0.9521922937370233,1.0897247358851685,0.9521922937370233,-0.07488451472814216,0.31324135034111966
2021-03-01,4.5,1.2332207155790618,0.75,0.870404593195858,1.2332207155790618,0.870404593195858,0.0023915845211523027,0.15491499331136105
2021-04-01,5.0,0.2499999999999995,0.25,0.8806280557635036,0.2499999999999995,0.8806280557635036,-0.5270968496714286,0.17470578794008076
2021-05-01,5.0,0.24999999999999953,0.25,0.639281998535125,0.24999999999999953,0.639281998535125,-0.5270968496714286,-0.29249700381993754
2021-06-01,5.5,0.2886751345948124,0.3333333333333333,0.6188350733998338,0.2886751345948124,0.6188350733998338,-0.5062693425468108,-0.33207859307737697
2021-07-01,6.5,0.49999999999999967,0.5,0.6613359757026173,0.49999999999999967,0.6613359757026173,-0.39246572722789314,-0.24980444931794285
2021-08-01,6.5,0.4999999999999997,0.5,0.8451365119639642,0.4999999999999997,0.8451365119639642,-0.3924657272278931,0.10600050832025697
2021-09-01,6.75,0.5204164998665329,0.4166666666666667,0.8042426616933815,0.5204164998665329,0.8042426616933815,-0.3814709420542945,0.026837329805377667
2021-10-01,7.5,0.3818813079129864,0.3333333333333333,0.7725378709616899,0.3818813079129864,0.7725378709616899,-0.4560755356168409,-0.03453747329735874
2021-11-01,7.5,0.3818813079129864,0.3333333333333333,0.7311822666657986,0.3818813079129864,0.7311822666657986,-0.4560755356168409,-0.11459452500083751
2021-12-01,8.5,0.5204164998665328,0.5833333333333334,0.7005118789628615,0.5204164998665328,0.7005118789628615,-0.38147094205429455,-0.1739669088869971
2022-01-01,8.5,0.5773502691896256,0.3333333333333333,0.8274419368677659,0.5773502691896256,0.8274419368677659,-0.3508107129786573,0.07174697636332768
2022-02-01,20.0,6.370504951205464,4.166666666666667,0.7402604312265519,6.370504951205464,0.7402604312265519,2.7689449563366018,-0.09702082242807335
2022-03-01,20.0,6.639528095680696,3.8333333333333335,2.2250226590428923,6.639528095680696,2.2250226590428923,2.913820507952561,2.7772132375847867
2022-04-01,17.0,7.65397500213669,4.833333333333333,1.6069046438656867,7.65397500213669,1.6069046438656867,3.460125010654732,1.58064733696731
2022-05-01,11.0,3.0000000000000013,3.0,2.0538567490828763,3.0000000000000013,2.0538567490828763,0.9538454972074618,2.445866656224268
2022-06-01,9.5,2.291287847477922,3.5,0.7771341001449175,2.291287847477922,0.7771341001449175,0.5721866468737755,-0.025639995830217904
2022-07-01,8.0,2.5980762113533173,3.0,0.804932741459629,2.5980762113533173,0.804932741459629,0.7373996939984164,0.0281732007826393
2022-08-01,8.0,0.8660254037844386,1.0,0.43411756487253395,0.8660254037844386,0.43411756487253395,-0.195352083410504,-0.6896586449828691
2022-09-01,7.5,0.7637626158259734,0.6666666666666666,0.28071541234744246,0.7637626158259734,0.28071541234744246,-0.2504230991187177,-0.9866177697548963
2022-10-01,7.5,0.28867513459481287,0.16666666666666666,0.09370077202169391,0.28867513459481287,0.09370077202169391,-0.5062693425468106,-1.3486446578822058
2022-11-01,7.5,0.28867513459481287,0.16666666666666666,0.0601756406725209,0.28867513459481287,0.0601756406725209,-0.5062693425468106,-1.4135433147748413
2022-12-01,7.5,0.0,0.0,0.5371582678368059,0.0,0.5371582678368059,-0.6617279721149638,-0.49019027726775727
2023-01-01,7.5,0.0,0.0,0.5725474180292025,0.0,0.5725474180292025,-0.6617279721149638,-0.4216832133538987
2023-02-01,7.5,0.0,0.0,0.6917930748202737,0.0,0.6917930748202737,-0.6617279721149638,-0.19084495397712767
2023-03-01,7.5,0.0,0.0,0.6917930748202737,0.0,0.6917930748202737,-0.6617279721149638,-0.19084495397712767
2023-04-01,7.5,0.0,0.0,0.7315416270839642,0.0,0.7315416270839642,-0.6617279721149638,-0.11389886751820393
2023-05-01,7.5,0.0,0.0,0.7315416270839642,0.0,0.7315416270839642,-0.6617279721149638,-0.11389886751820393
2023-06-01,7.5,0.0,0.0,0.7315416270839642,0.0,0.7315416270839642,-0.6617279721149638,-0.11389886751820393
2023-07-01,8.5,0.5773502691896258,0.3333333333333333,0.7315416270839642,0.5773502691896258,0.7315416270839642,-0.3508107129786572,-0.11389886751820393
2023-08-01,12.0,1.8027756377319946,1.5,0.8606513860245155,1.8027756377319946,0.8606513860245155,0.3091108583719114,0.13603452900465346
2023-09-01,13.0,1.4433756729740643,1.8333333333333333,1.2716416920458624,1.4433756729740643,1.2716416920458624,0.11556517572580254,0.9316382383197749
2023-10-01,15.0,1.2583057392117916,2.1666666666666665,1.2576229750393741,1.2583057392117916,1.2576229750393741,0.015900484073940402,0.9045005100405542
2023-11-01,15.0,0.9999999999999997,1.0,1.3072356294525447,0.9999999999999997,1.3072356294525447,-0.12320348234082232,1.0005417336455644
2023-12-01,16.0,0.9999999999999997,1.0,0.6384523827206563,0.9999999999999997,0.6384523827206563,-0.12320348234082232,-0.29410299162458303
2024-01-01,16.0,0.5773502691896247,0.3333333333333333,0.5998491284638581,0.5773502691896247,0.5998491284638581,-0.3508107129786578,-0.36883198602755124
2024-02-01,16.0,0.5773502691896247,0.3333333333333333,0.3030263563259573,0.5773502691896247,0.3030263563259573,-0.3508107129786578,-0.943427773476234
2024-03-01,16.0,0.0,0.0,0.5812662221717902,0.0,0.5812662221717902,-0.6617279721149638,-0.4048051682637681
2024-04-01,16.0,0.0,0.0,0.49305031350182166,0.0,0.49305031350182166,-0.6617279721149638,-0.5755753862717461
2024-05-01,16.0,0.0,0.0,0.6520445225565834,0.0,0.6520445225565834,-0.6617279721149638,-0.26779104043605123
2024-06-01,16.0,0.0,0.0,0.6520445225565834,0.0,0.6520445225565834,-0.6617279721149638,-0.26779104043605123
2024-07-01,18.0,1.1547005383792517,0.6666666666666666,0.7315416270839642,1.1547005383792517,0.7315416270839642,-0.03989345384235061,-0.11389886751820393
2024-08-01,18.0,1.1547005383792517,0.6666666666666666,0.9897611449650668,1.1547005383792517,0.9897611449650668,-0.03989345384235061,0.3859679255275108
2024-09-01,19.0,1.0,1.0,0.9079734444239015,1.0,0.9079734444239015,-0.12320348234082214,0.22764156849775222
2024-10-01,21.0,1.0,1.0,1.0370832033644528,1.0,1.0370832033644528,-0.12320348234082214,0.4775749650206096
2024-11-01,21.0,1.0,1.0,0.9189828445802737,1.0,0.9189828445802737,-0.12320348234082214,0.2489537976997939
2024-12-01,21.0,1.1547005383792517,0.6666666666666666,0.8371951440391083,1.1547005383792517,0.8371951440391083,-0.03989345384235061,0.0906274406700353
2025-01-01,21.0,0.0,0.0,0.6694821308417589,0.0,0.6694821308417589,-0.6617279721149638,-0.23403495025579005
2025-02-01,21.0,0.0,0.0,0.49305031350182166,0.0,0.49305031350182166,-0.6617279721149638,-0.5755753862717461
2025-03-01,21.0,0.0,0.0,0.49305031350182166,0.0,0.49305031350182166,-0.6617279721149638,-0.5755753862717461
2025-04-01,21.0,0.0,0.0,0.5725474180292025,0.0,0.5725474180292025,-0.6617279721149638,-0.4216832133538987
2025-05-01,21.0,0.0,0.0,0.7315416270839642,0.0,0.7315416270839642,-0.6617279721149638,-0.11389886751820393
2025-06-01,20.0,0.5773502691896258,0.3333333333333333,0.7315416270839642,0.5773502691896258,0.7315416270839642,-0.3508107129786572,-0.11389886751820393
2025-07-01,18.0,1.0,1.0,0.8606513860245155,1.0,0.8606513860245155,-0.12320348234082214,0.13603452900465346
2025-08-01,18.0,1.0,1.0,1.0779770536350355,1.0,1.0779770536350355,-0.12320348234082214,0.5567381435354889
2025-09-01,17.0,1.0,1.0,0.9961893530938701,1.0,0.9961893530938701,-0.12320348234082214,0.3984117865057303
2025-10-01,16.5,0.5,0.5,0.9575860988370719,0.5,0.9575860988370719,-0.39246572722789297,0.3236827921027621
2025-11-01,16.5,0.5,0.5,0.645821101642066,0.5,0.645821101642066,-0.39246572722789297,-0.27983847000233936
2025-12-01,16.0,0.2886751345948129,0.3333333333333333,0.6253741765067746,0.2886751345948129,0.6253741765067746,-0.5062693425468106,-0.319420059259779
2026-01-01,16.0,0.28867513459481287,0.16666666666666666,0.6017131473070816,0.28867513459481287,0.6017131473070816,-0.5062693425468106,-0.36522357900632846
2026-02-01,15.5,0.2886751345948129,0.3333333333333333,0.6564039246278772,0.2886751345948129,0.6564039246278772,-0.5062693425468106,-0.25935201789098605
2026-03-01,15.0,0.2886751345948129,0.3333333333333333,0.7209588040981528,0.2886751345948129,0.7209588040981528,-0.5062693425468106,-0.13438531962955744
,6.25,4.763139720814412,3.25,0.7607073563618433,4.763139720814412,0.7607073563618433,1.9033394157595651,-0.0574392331706337
,6.25,4.763139720814412,3.25,1.9097193742200664,4.763139720814412,1.9097193742200664,1.9033394157595651,2.166842483605852
,6.25,4.763139720814412,3.25,1.500319117488931,4.763139720814412,1.500319117488931,1.9033394157595651,1.3743168252684599
,6.25,4.763139720814412,3.25,1.445987700586301,4.763139720814412,1.445987700586301,1.9033394157595651,1.2691409216357512
,6.25,4.763139720814412,3.25,0.0430537145797687,4.763139720814412,0.0430537145797687,1.9033394157595651,-1.446688300703793
,6.25,4.763139720814412,3.25,0.02042708840883045,4.763139720814412,0.02042708840883045,1.9033394157595651,-1.490489401233765
,6.25,4.763139720814412,3.25,0.18928539961307222,4.763139720814412,0.18928539961307222,1.9033394157595651,-1.1636099182519841
,6.25,4.763139720814412,3.25,0.792412147093535,4.763139720814412,0.792412147093535,1.9033394157595651,0.003935569932102921
,6.25,4.763139720814412,3.25,0.8020629606577346,4.763139720814412,0.8020629606577346,1.9033394157595651,0.02261781853284508
,6.25,4.763139720814412,3.25,0.6343499474603851,4.763139720814412,0.6343499474603851,1.9033394157595651,-0.3020445723929805
,6.25,4.763139720814412,3.25,0.6321702464247382,4.763139720814412,0.6321702464247382,1.9033394157595651,-0.30626408366551305
,6.0,4.836923953643817,3.1666666666666665,0.7607073563618433,4.836923953643817,0.7607073563618433,1.9430740320973965,-0.0574392331706337
,6.0,4.836923953643817,3.1666666666666665,1.9097193742200664,4.836923953643817,1.9097193742200664,1.9430740320973965,2.166842483605852
,6.0,4.836923953643817,3.1666666666666665,1.500319117488931,4.836923953643817,1.500319117488931,1.9430740320973965,1.3743168252684599
,6.0,4.836923953643817,3.1666666666666665,1.445987700586301,4.836923953643817,1.445987700586301,1.9430740320973965,1.2691409216357512
,6.0,4.836923953643817,3.1666666666666665,0.0430537145797687,4.836923953643817,0.0430537145797687,1.9430740320973965,-1.446688300703793
,6.0,4.836923953643817,3.1666666666666665,0.02042708840883045,4.836923953643817,0.02042708840883045,1.9430740320973965,-1.490489401233765
,6.0,4.836923953643817,3.1666666666666665,0.18928539961307222,4.836923953643817,0.18928539961307222,1.9430740320973965,-1.1636099182519841
,6.0,4.836923953643817,3.1666666666666665,0.792412147093535,4.836923953643817,0.792412147093535,1.9430740320973965,0.003935569932102921
,6.0,4.836923953643817,3.1666666666666665,0.8020629606577346,4.836923953643817,0.8020629606577346,1.9430740320973965,0.02261781853284508
,6.0,4.836923953643817,3.1666666666666665,0.6343499474603851,4.836923953643817,0.6343499474603851,1.9430740320973965,-0.3020445723929805
,6.0,4.836923953643817,3.1666666666666665,0.6321702464247382,4.836923953643817,0.6321702464247382,1.9430740320973965,-0.30626408366551305
,6.0,4.981214711292819,3.0,0.7607073563618433,4.981214711292819,0.7607073563618433,2.0207781387394497,-0.0574392331706337
,6.0,4.981214711292819,3.0,1.9097193742200664,4.981214711292819,1.9097193742200664,2.0207781387394497,2.166842483605852
,6.0,4.981214711292819,3.0,1.500319117488931,4.981214711292819,1.500319117488931,2.0207781387394497,1.3743168252684599
,6.0,4.981214711292819,3.0,1.445987700586301,4.981214711292819,1.445987700586301,2.0207781387394497,1.2691409216357512
,6.0,4.981214711292819,3.0,0.0430537145797687,4.981214711292819,0.0430537145797687,2.0207781387394497,-1.446688300703793
,6.0,4.981214711292819,3.0,0.02042708840883045,4.981214711292819,0.02042708840883045,2.0207781387394497,-1.490489401233765
,6.0,4.981214711292819,3.0,0.18928539961307222,4.981214711292819,0.18928539961307222,2.0207781387394497,-1.1636099182519841
,6.0,4.981214711292819,3.0,0.792412147093535,4.981214711292819,0.792412147093535,2.0207781387394497,0.003935569932102921
,6.0,4.981214711292819,3.0,0.8020629606577346,4.981214711292819,0.8020629606577346,2.0207781387394497,0.02261781853284508
,6.0,4.981214711292819,3.0,0.6343499474603851,4.981214711292819,0.6343499474603851,2.0207781387394497,-0.3020445723929805
,6.0,4.981214711292819,3.0,0.6321702464247382,4.981214711292819,0.6321702464247382,2.0207781387394497,-0.30626408366551305
,5.5,0.25,0.25,0.7607073563618433,0.25,0.7607073563618433,-0.5270968496714283,-0.0574392331706337
,5.5,0.25,0.25,1.9097193742200664,0.25,1.9097193742200664,-0.5270968496714283,2.166842483605852
,5.5,0.25,0.25,1.500319117488931,0.25,1.500319117488931,-0.5270968496714283,1.3743168252684599
,5.5,0.25,0.25,1.445987700586301,0.25,1.445987700586301,-0.5270968496714283,1.2691409216357512
,5.5,0.25,0.25,0.0430537145797687,0.25,0.0430537145797687,-0.5270968496714283,-1.446688300703793
,5.5,0.25,0.25,0.02042708840883045,0.25,0.02042708840883045,-0.5270968496714283,-1.490489401233765
,5.5,0.25,0.25,0.18928539961307222,0.25,0.18928539961307222,-0.5270968496714283,-1.1636099182519841
,5.5,0.25,0.25,0.792412147093535,0.25,0.792412147093535,-0.5270968496714283,0.003935569932102921
,5.5,0.25,0.25,0.8020629606577346,0.25,0.8020629606577346,-0.5270968496714283,0.02261781853284508
,5.5,0.25,0.25,0.6343499474603851,0.25,0.6343499474603851,-0.5270968496714283,-0.3020445723929805
,5.5,0.25,0.25,0.6321702464247382,0.25,0.6321702464247382,-0.5270968496714283,-0.30626408366551305
,5.5,0.2886751345948129,0.16666666666666666,0.7607073563618433,0.2886751345948129,0.7607073563618433,-0.5062693425468106,-0.0574392331706337
,5.5,0.2886751345948129,0.16666666666666666,1.9097193742200664,0.2886751345948129,1.9097193742200664,-0.5062693425468106,2.166842483605852
,5.5,0.2886751345948129,0.16666666666666666,1.500319117488931,0.2886751345948129,1.500319117488931,-0.5062693425468106,1.3743168252684599
,5.5,0.2886751345948129,0.16666666666666666,1.445987700586301,0.2886751345948129,1.445987700586301,-0.5062693425468106,1.2691409216357512
,5.5,0.2886751345948129,0.16666666666666666,0.0430537145797687,0.2886751345948129,0.0430537145797687,-0.5062693425468106,-1.446688300703793
,5.5,0.2886751345948129,0.16666666666666666,0.02042708840883045,0.2886751345948129,0.02042708840883045,-0.5062693425468106,-1.490489401233765
,5.5,0.2886751345948129,0.16666666666666666,0.18928539961307222,0.2886751345948129,0.18928539961307222,-0.5062693425468106,-1.1636099182519841
,5.5,0.2886751345948129,0.16666666666666666,0.792412147093535,0.2886751345948129,0.792412147093535,-0.5062693425468106,0.003935569932102921
,5.5,0.2886751345948129,0.16666666666666666,0.8020629606577346,0.2886751345948129,0.8020629606577346,-0.5062693425468106,0.02261781853284508
,5.5,0.2886751345948129,0.16666666666666666,0.6343499474603851,0.2886751345948129,0.6343499474603851,-0.5062693425468106,-0.3020445723929805
,5.5,0.2886751345948129,0.16666666666666666,0.6321702464247382,0.2886751345948129,0.6321702464247382,-0.5062693425468106,-0.30626408366551305
,4.5,0.5,0.5,0.7607073563618433,0.5,0.7607073563618433,-0.39246572722789297,-0.0574392331706337
,4.5,0.5,0.5,1.9097193742200664,0.5,1.9097193742200664,-0.39246572722789297,2.166842483605852
,4.5,0.5,0.5,1.500319117488931,0.5,1.500319117488931,-0.39246572722789297,1.3743168252684599
,4.5,0.5,0.5,1.445987700586301,0.5,1.445987700586301,-0.39246572722789297,1.2691409216357512
,4.5,0.5,0.5,0.0430537145797687,0.5,0.0430537145797687,-0.39246572722789297,-1.446688300703793
,4.5,0.5,0.5,0.02042708840883045,0.5,0.02042708840883045,-0.39246572722789297,-1.490489401233765
,4.5,0.5,0.5,0.18928539961307222,0.5,0.18928539961307222,-0.39246572722789297,-1.1636099182519841
,4.5,0.5,0.5,0.792412147093535,0.5,0.792412147093535,-0.39246572722789297,0.003935569932102921
,4.5,0.5,0.5,0.8020629606577346,0.5,0.8020629606577346,-0.39246572722789297,0.02261781853284508
,4.5,0.5,0.5,0.6343499474603851,0.5,0.6343499474603851,-0.39246572722789297,-0.3020445723929805
,4.5,0.5,0.5,0.6321702464247382,0.5,0.6321702464247382,-0.39246572722789297,-0.30626408366551305
,4.25,0.5204164998665332,0.4166666666666667,0.7607073563618433,0.5204164998665332,0.7607073563618433,-0.3814709420542944,-0.0574392331706337
,4.25,0.5204164998665332,0.4166666666666667,1.9097193742200664,0.5204164998665332,1.9097193742200664,-0.3814709420542944,2.166842483605852
,4.25,0.5204164998665332,0.4166666666666667,1.500319117488931,0.5204164998665332,1.500319117488931,-0.3814709420542944,1.3743168252684599
,4.25,0.5204164998665332,0.4166666666666667,1.445987700586301,0.5204164998665332,1.445987700586301,-0.3814709420542944,1.2691409216357512
,4.25,0.5204164998665332,0.4166666666666667,0.0430537145797687,0.5204164998665332,0.0430537145797687,-0.3814709420542944,-1.446688300703793
,4.25,0.5204164998665332,0.4166666666666667,0.02042708840883045,0.5204164998665332,0.02042708840883045,-0.3814709420542944,-1.490489401233765
,4.25,0.5204164998665332,0.4166666666666667,0.18928539961307222,0.5204164998665332,0.18928539961307222,-0.3814709420542944,-1.1636099182519841
,4.25,0.5204164998665332,0.4166666666666667,0.792412147093535,0.5204164998665332,0.792412147093535,-0.3814709420542944,0.003935569932102921
,4.25,0.5204164998665332,0.4166666666666667,0.8020629606577346,0.5204164998665332,0.8020629606577346,-0.3814709420542944,0.02261781853284508
,4.25,0.5204164998665332,0.4166666666666667,0.6343499474603851,0.5204164998665332,0.6343499474603851,-0.3814709420542944,-0.3020445723929805
,4.25,0.5204164998665332,0.4166666666666667,0.6321702464247382,0.5204164998665332,0.6321702464247382,-0.3814709420542944,-0.30626408366551305
,4.25,0.5204164998665332,0.4166666666666667,0.7607073563618433,0.5204164998665332,0.7607073563618433,-0.3814709420542944,-0.0574392331706337
,4.25,0.5204164998665332,0.4166666666666667,1.9097193742200664,0.5204164998665332,1.9097193742200664,-0.3814709420542944,2.166842483605852
,4.25,0.5204164998665332,0.4166666666666667,1.500319117488931,0.5204164998665332,1.500319117488931,-0.3814709420542944,1.3743168252684599
,4.25,0.5204164998665332,0.4166666666666667,1.445987700586301,0.5204164998665332,1.445987700586301,-0.3814709420542944,1.2691409216357512
,4.25,0.5204164998665332,0.4166666666666667,0.0430537145797687,0.5204164998665332,0.0430537145797687,-0.3814709420542944,-1.446688300703793
,4.25,0.5204164998665332,0.4166666666666667,0.02042708840883045,0.5204164998665332,0.02042708840883045,-0.3814709420542944,-1.490489401233765
,4.25,0.5204164998665332,0.4166666666666667,0.18928539961307222,0.5204164998665332,0.18928539961307222,-0.3814709420542944,-1.1636099182519841
,4.25,0.5204164998665332,0.4166666666666667,0.792412147093535,0.5204164998665332,0.792412147093535,-0.3814709420542944,0.003935569932102921
,4.25,0.5204164998665332,0.4166666666666667,0.8020629606577346,0.5204164998665332,0.8020629606577346,-0.3814709420542944,0.02261781853284508
,4.25,0.5204164998665332,0.4166666666666667,0.6343499474603851,0.5204164998665332,0.6343499474603851,-0.3814709420542944,-0.3020445723929805
,4.25,0.5204164998665332,0.4166666666666667,0.6321702464247382,0.5204164998665332,0.6321702464247382,-0.3814709420542944,-0.30626408366551305
,4.25,0.14433756729740604,0.08333333333333333,0.7607073563618433,0.14433756729740604,0.7607073563618433,-0.5839986573308873,-0.0574392331706337
,4.25,0.14433756729740604,0.08333333333333333,1.9097193742200664,0.14433756729740604,1.9097193742200664,-0.5839986573308873,2.166842483605852
,4.25,0.14433756729740604,0.08333333333333333,1.500319117488931,0.14433756729740604,1.500319117488931,-0.5839986573308873,1.3743168252684599
,4.25,0.14433756729740604,0.08333333333333333,1.445987700586301,0.14433756729740604,1.445987700586301,-0.5839986573308873,1.2691409216357512
,4.25,0.14433756729740604,0.08333333333333333,0.0430537145797687,0.14433756729740604,0.0430537145797687,-0.5839986573308873,-1.446688300703793
,4.25,0.14433756729740604,0.08333333333333333,0.02042708840883045,0.14433756729740604,0.02042708840883045,-0.5839986573308873,-1.490489401233765
,4.25,0.14433756729740604,0.08333333333333333,0.18928539961307222,0.14433756729740604,0.18928539961307222,-0.5839986573308873,-1.1636099182519841
,4.25,0.14433756729740604,0.08333333333333333,0.792412147093535,0.14433756729740604,0.792412147093535,-0.5839986573308873,0.003935569932102921
,4.25,0.14433756729740604,0.08333333333333333,0.8020629606577346,0.14433756729740604,0.8020629606577346,-0.5839986573308873,0.02261781853284508
,4.25,0.14433756729740604,0.08333333333333333,0.6343499474603851,0.14433756729740604,0.6343499474603851,-0.5839986573308873,-0.3020445723929805
,4.25,0.14433756729740604,0.08333333333333333,0.6321702464247382,0.14433756729740604,0.6321702464247382,-0.5839986573308873,-0.30626408366551305
,4.25,0.0,0.0,0.7607073563618433,0.0,0.7607073563618433,-0.6617279721149638,-0.0574392331706337
,4.25,0.0,0.0,1.9097193742200664,0.0,1.9097193742200664,-0.6617279721149638,2.166842483605852
,4.25,0.0,0.0,1.500319117488931,0.0,1.500319117488931,-0.6617279721149638,1.3743168252684599
,4.25,0.0,0.0,1.445987700586301,0.0,1.445987700586301,-0.6617279721149638,1.2691409216357512
,4.25,0.0,0.0,0.0430537145797687,0.0,0.0430537145797687,-0.6617279721149638,-1.446688300703793
,4.25,0.0,0.0,0.02042708840883045,0.0,0.02042708840883045,-0.6617279721149638,-1.490489401233765
,4.25,0.0,0.0,0.18928539961307222,0.0,0.18928539961307222,-0.6617279721149638,-1.1636099182519841
,4.25,0.0,0.0,0.792412147093535,0.0,0.792412147093535,-0.6617279721149638,0.003935569932102921
,4.25,0.0,0.0,0.8020629606577346,0.0,0.8020629606577346,-0.6617279721149638,0.02261781853284508
,4.25,0.0,0.0,0.6343499474603851,0.0,0.6343499474603851,-0.6617279721149638,-0.3020445723929805
,4.25,0.0,0.0,0.6321702464247382,0.0,0.6321702464247382,-0.6617279721149638,-0.30626408366551305
,4.25,0.0,0.0,0.7607073563618433,0.0,0.7607073563618433,-0.6617279721149638,-0.0574392331706337
,4.25,0.0,0.0,1.9097193742200664,0.0,1.9097193742200664,-0.6617279721149638,2.166842483605852
,4.25,0.0,0.0,1.500319117488931,0.0,1.500319117488931,-0.6617279721149638,1.3743168252684599
,4.25,0.0,0.0,1.445987700586301,0.0,1.445987700586301,-0.6617279721149638,1.2691409216357512
,4.25,0.0,0.0,0.0430537145797687,0.0,0.0430537145797687,-0.6617279721149638,-1.446688300703793
,4.25,0.0,0.0,0.02042708840883045,0.0,0.02042708840883045,-0.6617279721149638,-1.490489401233765
,4.25,0.0,0.0,0.18928539961307222,0.0,0.18928539961307222,-0.6617279721149638,-1.1636099182519841
,4.25,0.0,0.0,0.792412147093535,0.0,0.792412147093535,-0.6617279721149638,0.003935569932102921
,4.25,0.0,0.0,0.8020629606577346,0.0,0.8020629606577346,-0.6617279721149638,0.02261781853284508
,4.25,0.0,0.0,0.6343499474603851,0.0,0.6343499474603851,-0.6617279721149638,-0.3020445723929805
,4.25,0.0,0.0,0.6321702464247382,0.0,0.6321702464247382,-0.6617279721149638,-0.30626408366551305
,4.25,0.0,0.0,0.7607073563618433,0.0,0.7607073563618433,-0.6617279721149638,-0.0574392331706337
,4.25,0.0,0.0,1.9097193742200664,0.0,1.9097193742200664,-0.6617279721149638,2.166842483605852
,4.25,0.0,0.0,1.500319117488931,0.0,1.500319117488931,-0.6617279721149638,1.3743168252684599
,4.25,0.0,0.0,1.445987700586301,0.0,1.445987700586301,-0.6617279721149638,1.2691409216357512
,4.25,0.0,0.0,0.0430537145797687,0.0,0.0430537145797687,-0.6617279721149638,-1.446688300703793
,4.25,0.0,0.0,0.02042708840883045,0.0,0.02042708840883045,-0.6617279721149638,-1.490489401233765
,4.25,0.0,0.0,0.18928539961307222,0.0,0.18928539961307222,-0.6617279721149638,-1.1636099182519841
,4.25,0.0,0.0,0.792412147093535,0.0,0.792412147093535,-0.6617279721149638,0.003935569932102921
,4.25,0.0,0.0,0.8020629606577346,0.0,0.8020629606577346,-0.6617279721149638,0.02261781853284508
,4.25,0.0,0.0,0.6343499474603851,0.0,0.6343499474603851,-0.6617279721149638,-0.3020445723929805
,4.25,0.0,0.0,0.6321702464247382,0.0,0.6321702464247382,-0.6617279721149638,-0.30626408366551305
